,model,year,price,transmission,mileage,fuel type,engine size,mileage2,fuel type2,engine size2
0, C Class,2013,9995,Automatic,44900,29,160,46.3,Petrol,1.6
1, C Class,2012,6995,Automatic,88200,34,125,58.9,Diesel,2.1
2, C Class,2012,7495,Automatic,115000,37,145,54.3,Diesel,2.1
3, C Class,2011,8995,Automatic,69250,29,150,53.3,Diesel,2.1
4, C Class,2015,14995,Automatic,49850,31,30,62.8,Diesel,2.1
5, C Class,2013,8595,Automatic,82685,32,30,64.2,Diesel,2143.0
6, C Class,2016,19250,Semi-Auto,32506,38,125,60.1,Diesel,2.1
7, C Class,2017,23500,Semi-Auto,17000,33,145,67.3,Diesel,2.1
8, C Class,2014,17990,Automatic,41011,28,150,49.6,Petrol,1991.0
9, C Class,2016,14477,Automatic,72000,25,30,65.7,Diesel,1.6
10, C Class,2013,10977,Automatic,72000,38,145,54.3,Diesel,2.1
11, C Class,2016,17977,Automatic,40000,25,30,64.2,Diesel,1.6
12, C Class,2011,7500,Manual,91000,34,125,60.1,Diesel,2.1
13, C Class,2013,9750,Automatic,69700,36,145,53.3,Diesel,2.1
14, C Class,2015,15995,Automatic,39000,26,30,64.2,Diesel,1600.0
15, C Class,2016,15675,Manual,39287,31,20,68.9,Diesel,2143.0
16, C Class,2016,16475,Manual,40569,31,20,68.9,Diesel,2143.0
17, C Class,2017,17795,Automatic,37778,37,150,64.2,Diesel,2143.0
18, C Class,2017,16500,Automatic,75000,25,30,64.2,Diesel,1.6
19, C Class,2015,15500,Automatic,64000,32,30,64.2,Diesel,2.1
20, C Class,2012,11000,Automatic,43426,32,160,44.8,Petrol,1595.0
21, C Class,2016,13300,Manual,42622,30,20,70.6,Diesel,2143.0
22, C Class,2016,16000,Manual,34903,31,20,68.9,Diesel,2143.0
23, C Class,2014,12500,Automatic,35345,38,145,53.3,Diesel,2143.0
24, C Class,2015,14495,Manual,23146,31,115,52.3,Petrol,2000.0
25, C Class,2017,24500,Automatic,16000,38,145,65.7,Diesel,2.1
26, C Class,2013,23990,Automatic,44000,44,570,23.5,Petrol,6.2
27, C Class,2015,17250,Automatic,30000,37,30,64.2,Diesel,2.1
28, C Class,2015,14200,Automatic,22000,35,160,44.8,Petrol,1.6
29, C Class,2017,22950,Automatic,19000,32,150,47.1,Petrol,2.0
30, C Class,2013,10500,Automatic,90000,34,145,54.3,Diesel,2.1
31, C Class,2014,15650,Automatic,32000,31,20,64.2,Diesel,2.1
32, C Class,2017,19950,Automatic,23000,31,145,61.4,Diesel,2.1
33, C Class,2014,9990,Automatic,78000,43,145,53.3,Diesel,2143.0
34, C Class,2015,11990,Automatic,47000,43,145,53.3,Diesel,2143.0
35, C Class,2015,14490,Automatic,64000,31,30,64.2,Diesel,2143.0
36, C Class,2013,10490,Automatic,50000,38,145,54.3,Diesel,2143.0
37, C Class,2013,11350,Automatic,69000,38,145,54.3,Diesel,2.1
38, C Class,2014,12900,Automatic,41000,35,160,44.8,Petrol,1.6
39, C Class,2009,4343,Automatic,120000,37,205,45.6,Diesel,2145.0
40, C Class,2007,3495,Automatic,119168,26,300,33.6,Petrol,1796.0
41, C Class,2014,12998,Semi-Auto,52712,31,20,64.2,Diesel,2.1
42, C Class,2018,23498,Semi-Auto,17093,32,145,67.3,Diesel,2.1
43, C Class,2016,18498,Semi-Auto,31891,38,0,134.5,Hybrid,2.0
44, C Class,2014,15498,Semi-Auto,36243,32,30,64.2,Diesel,2.1
45, C Class,2017,23995,Semi-Auto,32800,38,30,65.7,Diesel,2.1
46, C Class,2014,16995,Automatic,37600,27,30,64.2,Diesel,2.1
47, C Class,2017,24995,Automatic,14000,33,145,47.1,Petrol,2.0
48, C Class,2014,26998,Semi-Auto,24175,44,570,23.5,Petrol,6.2
49, C Class,2016,20498,Semi-Auto,27968,38,125,60.1,Diesel,2.1
50, C Class,2016,16998,Semi-Auto,26973,25,30,65.7,Diesel,1.6
51, C Class,2018,27498,Semi-Auto,12491,38,145,65.7,Diesel,2.1
52, C Class,2014,15998,Semi-Auto,26216,34,30,64.2,Diesel,2.1
53, C Class,2013,9298,Semi-Auto,80485,38,145,54.3,Diesel,2.1
54, C Class,2016,12998,Manual,53453,30,20,70.6,Diesel,2.1
55, C Class,2016,22998,Semi-Auto,23090,37,30,65.7,Diesel,2.1
56, C Class,2016,17998,Manual,26100,31,20,68.9,Diesel,2.1
57, C Class,2016,18998,Semi-Auto,28388,26,30,64.2,Diesel,1.6
58, C Class,2017,20998,Semi-Auto,16902,31,145,60.1,Diesel,2.1
59, C Class,2016,21998,Semi-Auto,31227,37,30,65.7,Diesel,2.1
60, C Class,2015,13998,Manual,24010,25,20,72.4,Diesel,1.6
61, C Class,2014,15298,Semi-Auto,41416,31,30,64.2,Diesel,2.1
62, C Class,2014,15498,Semi-Auto,23772,31,20,64.2,Diesel,2.1
63, C Class,2017,18998,Semi-Auto,28808,31,145,61.4,Diesel,2.1
64, C Class,2016,18990,Semi-Auto,26413,37,20,64.2,Diesel,2.1
65, C Class,2014,10995,Manual,98000,31,20,68.9,Diesel,2.1
66, C Class,2014,15698,Semi-Auto,39920,34,30,64.2,Diesel,2.1
67, C Class,2016,19298,Semi-Auto,27644,37,30,64.2,Diesel,2.1
68, C Class,2018,20685,Semi-Auto,21929,32,145,64.2,Diesel,2.1
69, C Class,2018,20489,Semi-Auto,16900,31,145,61.4,Diesel,2.1
70, C Class,2017,13800,Manual,34015,30,145,70.6,Diesel,2.1
71, C Class,2017,23998,Semi-Auto,14462,32,20,67.3,Diesel,2.1
72, C Class,2016,20998,Semi-Auto,23429,39,0,122.8,Hybrid,2.0
73, C Class,2013,11998,Semi-Auto,31706,40,145,53.3,Diesel,2.1
74, C Class,2015,12495,Automatic,55000,30,30,64.2,Diesel,2.1
75, C Class,2015,12495,Semi-Auto,50374,30,20,65.7,Diesel,2.1
76, C Class,2015,17498,Semi-Auto,42471,37,0,76.4,Hybrid,2.1
77, C Class,2016,16198,Manual,41974,31,20,68.9,Diesel,2.1
78, C Class,2017,18498,Semi-Auto,20618,31,30,64.2,Diesel,2.1
79, C Class,2016,16998,Semi-Auto,21786,30,20,65.7,Diesel,2.1
80, C Class,2017,25798,Semi-Auto,9676,38,145,65.7,Diesel,2.1
81, C Class,2018,20498,Semi-Auto,7894,31,145,60.1,Diesel,2.1
82, C Class,2017,18498,Semi-Auto,26179,31,145,60.1,Diesel,2.1
83, C Class,2015,13498,Manual,38438,30,20,70.6,Diesel,2.1
84, C Class,2016,19698,Automatic,25107,39,0,134.5,Hybrid,2.0
85, C Class,2017,22498,Semi-Auto,20491,38,135,74.3,Hybrid,2.1
86, C Class,2015,11998,Manual,52792,25,20,72.4,Diesel,1.6
87, C Class,2013,11998,Semi-Auto,30035,33,160,44.8,Petrol,1.6
88, C Class,2015,16315,Semi-Auto,46155,32,30,64.2,Diesel,2.1
89, C Class,2014,14490,Semi-Auto,31801,31,20,64.2,Diesel,2.1
90, C Class,2018,18998,Semi-Auto,15075,31,145,50.4,Petrol,2.0
91, C Class,2015,16798,Semi-Auto,32409,32,30,64.2,Diesel,2.1
92, C Class,2017,20790,Semi-Auto,22485,38,0,74.3,Hybrid,2.1
93, C Class,2013,9490,Semi-Auto,41921,29,145,47.9,Petrol,1.6
94, C Class,2017,14990,Manual,41647,31,20,65.7,Diesel,2.1
95, C Class,2018,19490,Semi-Auto,11810,31,145,61.4,Diesel,2.1
96, C Class,2014,28990,Semi-Auto,19562,44,570,23.5,Petrol,6.2
97, C Class,2016,16298,Semi-Auto,29201,25,30,64.2,Diesel,1.6
98, C Class,2015,14698,Semi-Auto,43331,37,20,64.2,Diesel,2.1
99, C Class,2014,10498,Semi-Auto,51929,43,145,53.3,Diesel,2.1
100, C Class,2015,11998,Semi-Auto,42245,30,150,53.3,Diesel,2.1
101, C Class,2016,17998,Semi-Auto,36587,38,0,134.5,Hybrid,2.0
102, C Class,2017,20998,Semi-Auto,42036,32,20,67.3,Diesel,2.1
103, C Class,2016,13691,Semi-Auto,36538,24,30,65.7,Diesel,1.6
104, C Class,2014,13491,Manual,56000,31,20,68.9,Diesel,2.1
105, C Class,2017,21998,Semi-Auto,11986,32,150,48.7,Petrol,2.0
106, C Class,2015,14500,Semi-Auto,38783,37,20,64.2,Diesel,2.1
107, C Class,2014,14490,Semi-Auto,59884,37,30,64.2,Diesel,2.1
108, C Class,2015,14750,Semi-Auto,32594,31,20,64.2,Diesel,2.1
109, C Class,2015,13361,Semi-Auto,35034,29,125,53.3,Petrol,2.0
110, C Class,2017,17490,Semi-Auto,35576,31,145,64.2,Diesel,2.1
111, C Class,2017,23047,Semi-Auto,8143,37,145,65.7,Diesel,2.1
112, C Class,2015,13621,Semi-Auto,57066,25,30,65.7,Diesel,1.6
113, C Class,2017,18200,Semi-Auto,25296,31,30,61.4,Diesel,2.1
114, C Class,2015,14698,Semi-Auto,23063,29,20,65.7,Diesel,2.1
115, C Class,2013,9798,Semi-Auto,60948,34,150,54.3,Diesel,2.1
116, C Class,2017,18998,Automatic,20949,31,145,61.4,Diesel,2.1
117, C Class,2016,20700,Semi-Auto,27890,38,20,67.3,Diesel,2.1
118, C Class,2015,16990,Semi-Auto,11954,37,20,64.2,Diesel,2.1
119, C Class,2014,11791,Semi-Auto,42879,38,145,53.3,Diesel,2.1
120, C Class,2015,18191,Semi-Auto,11470,27,30,64.2,Diesel,1.6
121, C Class,2017,13321,Semi-Auto,61305,24,150,65.7,Diesel,1.6
122, C Class,2016,21998,Semi-Auto,10561,32,20,67.3,Diesel,2.1
123, C Class,2017,15998,Semi-Auto,72939,39,0,134.5,Hybrid,2.0
124, C Class,2015,13498,Manual,31125,29,20,70.6,Diesel,2.1
125, C Class,2017,20871,Semi-Auto,37194,37,145,65.7,Diesel,2.1
126, C Class,2016,19991,Semi-Auto,35975,32,20,67.3,Diesel,2.1
127, C Class,2015,15990,Semi-Auto,55226,32,30,64.2,Diesel,2.1
128, C Class,2017,21650,Automatic,33943,32,145,47.1,Petrol,2.0
129, C Class,2017,17690,Semi-Auto,25059,31,145,61.4,Diesel,2.1
130, C Class,2017,19798,Semi-Auto,19877,38,0,134.5,Hybrid,2.0
131, C Class,2018,19991,Semi-Auto,20027,31,150,60.1,Diesel,2.1
132, C Class,2017,21991,Semi-Auto,19953,32,145,67.3,Diesel,2.1
133, C Class,2018,22591,Semi-Auto,18551,32,145,67.3,Diesel,2.1
134, C Class,2017,14990,Semi-Auto,27424,30,145,65.7,Diesel,2.1
135, C Class,2016,20990,Semi-Auto,36051,38,30,65.7,Diesel,2.1
136, C Class,2015,12590,Semi-Auto,65000,43,150,53.3,Diesel,2.1
137, C Class,2018,20885,Semi-Auto,22773,31,145,61.4,Diesel,2.1
138, C Class,2018,19940,Semi-Auto,18882,31,145,61.4,Diesel,2.1
139, C Class,2016,16498,Semi-Auto,27034,25,30,65.7,Diesel,1.6
140, C Class,2016,14500,Semi-Auto,40620,25,30,65.7,Diesel,1.6
141, C Class,2016,13660,Manual,26682,30,20,70.6,Diesel,2.1
142, C Class,2016,23920,Automatic,18865,38,30,65.7,Diesel,2.1
143, C Class,2017,22960,Semi-Auto,21225,32,20,67.3,Diesel,2.1
144, C Class,2017,16590,Semi-Auto,52519,27,30,64.2,Diesel,1.6
145, C Class,2017,22440,Semi-Auto,32629,32,20,67.3,Diesel,2.1
146, C Class,2016,17820,Semi-Auto,30748,31,20,68.9,Diesel,2.1
147, C Class,2016,19690,Semi-Auto,38087,32,20,67.3,Diesel,2.1
148, C Class,2015,16998,Semi-Auto,66796,38,0,74.3,Hybrid,2.1
149, C Class,2016,19698,Semi-Auto,41056,32,20,67.3,Diesel,2.1
150, C Class,2015,15498,Manual,32140,31,20,68.9,Diesel,2.1
151, C Class,2016,21299,Semi-Auto,12249,32,150,49.6,Petrol,2.0
152, C Class,2017,17999,Semi-Auto,37564,38,0,134.5,Hybrid,2.0
153, C Class,2017,21999,Semi-Auto,10288,32,150,47.9,Petrol,2.0
154, C Class,2017,21770,Semi-Auto,32790,32,20,67.3,Diesel,2.1
155, C Class,2017,22590,Semi-Auto,41131,38,30,65.7,Diesel,2.1
156, C Class,2017,22770,Automatic,14052,37,145,65.7,Diesel,2.1
157, C Class,2015,16480,Automatic,44929,31,30,64.2,Diesel,2.1
158, C Class,2013,9881,Automatic,50591,29,160,46.3,Petrol,1.6
159, C Class,2015,13498,Manual,14480,29,125,53.3,Petrol,2.0
160, C Class,2015,17450,Semi-Auto,37000,38,30,64.2,Diesel,2.1
161, C Class,2017,24990,Semi-Auto,22369,38,145,61.4,Diesel,2.1
162, C Class,2015,16440,Semi-Auto,29286,37,20,64.2,Diesel,2.1
163, C Class,2014,9891,Semi-Auto,52500,32,125,57.7,Diesel,2.1
164, C Class,2017,22495,Automatic,19779,32,145,67.3,Diesel,2.1
165, C Class,2017,21565,Automatic,39447,33,145,47.1,Petrol,2.0
166, C Class,2017,21697,Semi-Auto,28272,32,145,47.1,Petrol,2.0
167, C Class,2016,20990,Semi-Auto,20972,38,30,64.2,Diesel,2.1
168, C Class,2015,13448,Semi-Auto,31878,30,20,65.7,Diesel,2.1
169, C Class,2014,15998,Semi-Auto,34382,32,30,64.2,Diesel,2.1
170, C Class,2016,19498,Semi-Auto,24111,38,0,134.5,Hybrid,2.0
171, C Class,2017,22498,Semi-Auto,22888,32,20,67.3,Diesel,2.1
172, C Class,2014,16990,Semi-Auto,32475,34,30,64.2,Diesel,2.1
173, C Class,2017,18433,Semi-Auto,34278,31,145,61.4,Diesel,2.1
174, C Class,2016,21440,Semi-Auto,26600,32,20,67.3,Diesel,2.1
175, C Class,2017,22170,Semi-Auto,19155,32,145,67.3,Diesel,2.1
176, C Class,2016,22765,Automatic,25178,38,30,65.7,Diesel,2.1
177, C Class,2018,22880,Semi-Auto,23061,32,145,67.3,Diesel,2.1
178, C Class,2017,18795,Automatic,46294,32,20,67.3,Diesel,2.1
179, C Class,2016,15220,Semi-Auto,39656,30,20,65.7,Diesel,2.1
180, C Class,2017,21440,Semi-Auto,13096,32,145,61.4,Diesel,2.1
181, C Class,2017,20200,Semi-Auto,21462,37,145,61.4,Diesel,2.1
182, C Class,2018,19660,Semi-Auto,5232,26,145,65.7,Diesel,1.6
183, C Class,2017,22990,Semi-Auto,15527,32,145,67.3,Diesel,2.1
184, C Class,2018,22770,Semi-Auto,21200,32,145,67.3,Diesel,2.1
185, C Class,2018,19775,Semi-Auto,45335,32,145,67.3,Diesel,2.1
186, C Class,2017,24660,Semi-Auto,9873,32,20,67.3,Diesel,2.1
187, C Class,2017,18495,Semi-Auto,22994,31,145,48.7,Petrol,2.0
188, C Class,2017,18499,Semi-Auto,28480,25,30,64.2,Diesel,1.6
189, C Class,2018,24799,Semi-Auto,20087,33,145,47.1,Petrol,2.0
190, C Class,2017,18995,Automatic,11800,31,145,61.4,Diesel,2.1
191, C Class,2014,15280,Semi-Auto,25901,31,20,64.2,Diesel,2.1
192, C Class,2014,14795,Automatic,20417,31,125,52.3,Petrol,2.0
193, C Class,2018,19840,Automatic,14467,31,145,61.4,Diesel,2.1
194, C Class,2014,13791,Semi-Auto,53144,31,20,64.2,Diesel,2.1
195, C Class,2017,24360,Semi-Auto,14346,38,145,65.7,Diesel,2.1
196, C Class,2014,14990,Semi-Auto,56958,31,30,64.2,Diesel,2.1
197, C Class,2016,15990,Semi-Auto,26957,25,30,65.7,Diesel,1.6
198, C Class,2017,16998,Semi-Auto,26281,25,30,65.7,Diesel,1.6
199, C Class,2016,21495,Semi-Auto,16723,38,125,60.1,Diesel,2.1
200, C Class,2016,20995,Semi-Auto,14909,38,30,64.2,Diesel,2.1
201, C Class,2018,20495,Semi-Auto,24158,31,145,60.1,Diesel,2.1
202, C Class,2017,21595,Semi-Auto,12648,32,145,67.3,Diesel,2.1
203, C Class,2017,21295,Semi-Auto,36135,38,30,65.7,Diesel,2.1
204, C Class,2016,19995,Semi-Auto,19488,38,30,64.2,Diesel,2.1
205, C Class,2017,23495,Semi-Auto,23033,38,30,65.7,Diesel,2.1
206, C Class,2017,17000,Semi-Auto,23400,31,145,64.2,Diesel,2.1
207, C Class,2015,14698,Semi-Auto,39687,32,125,52.3,Petrol,2.0
208, C Class,2014,14288,Semi-Auto,54230,32,30,64.2,Diesel,2.1
209, C Class,2018,18265,Semi-Auto,16974,31,145,64.2,Diesel,2.1
210, C Class,2014,15971,Semi-Auto,14354,29,125,52.3,Petrol,2.0
211, C Class,2017,19465,Automatic,35599,32,145,47.9,Petrol,2.0
212, C Class,2017,20990,Semi-Auto,19733,32,150,48.7,Petrol,2.0
213, C Class,2017,18495,Semi-Auto,41857,38,145,61.4,Diesel,2.1
214, C Class,2016,14495,Automatic,50995,25,30,64.2,Diesel,1.6
215, C Class,2014,13950,Semi-Auto,45527,31,20,64.2,Diesel,2.1
216, C Class,2014,12750,Semi-Auto,74000,31,30,62.8,Diesel,2.1
217, C Class,2016,19495,Automatic,45907,38,0,74.3,Hybrid,2.1
218, C Class,2018,19950,Semi-Auto,33082,31,145,64.2,Diesel,2.1
219, C Class,2017,19498,Semi-Auto,22424,31,30,60.1,Diesel,2.1
220, C Class,2014,16360,Semi-Auto,46425,32,30,64.2,Diesel,2.1
221, C Class,2014,10190,Semi-Auto,62448,31,150,56.5,Diesel,2.1
222, C Class,2016,15998,Semi-Auto,25202,25,30,65.7,Diesel,1.6
223, C Class,2017,24698,Semi-Auto,28631,33,150,67.3,Diesel,2.1
224, C Class,2014,15998,Semi-Auto,66140,32,125,60.1,Diesel,2.1
225, C Class,2018,19950,Semi-Auto,33082,31,145,64.2,Diesel,2.1
226, C Class,2014,11149,Semi-Auto,39173,46,145,56.5,Diesel,2.1
227, C Class,2018,17990,Semi-Auto,27000,31,145,48.7,Petrol,2.0
228, C Class,2017,16350,Semi-Auto,14893,25,30,64.2,Diesel,1.6
229, C Class,2015,10477,Semi-Auto,81816,29,125,53.3,Petrol,2.0
230, C Class,2018,18998,Semi-Auto,15408,31,145,50.4,Petrol,2.0
231, C Class,2018,26281,Semi-Auto,10997,33,145,67.3,Diesel,2.1
232, C Class,2017,17791,Semi-Auto,20392,31,150,64.2,Diesel,2.1
233, C Class,2016,16998,Automatic,59208,37,0,76.4,Hybrid,2.1
234, C Class,2014,14498,Semi-Auto,39442,31,20,64.2,Diesel,2.1
235, C Class,2016,19798,Semi-Auto,29643,38,125,60.1,Diesel,2.1
236, C Class,2017,16750,Semi-Auto,20000,30,145,65.7,Diesel,2.1
237, C Class,2015,12880,Semi-Auto,32786,30,145,53.3,Diesel,2.1
238, C Class,2016,17990,Semi-Auto,59625,38,30,64.2,Diesel,2.1
239, C Class,2017,20498,Semi-Auto,5630,25,145,64.2,Diesel,1.6
240, C Class,2013,11298,Semi-Auto,37964,33,165,44.8,Petrol,1.6
241, C Class,2017,16500,Semi-Auto,14077,30,145,64.2,Diesel,2.1
242, C Class,2014,16990,Semi-Auto,40000,28,145,49.6,Petrol,2.0
243, C Class,2015,15542,Semi-Auto,49436,31,30,62.8,Diesel,2.1
244, C Class,2016,18247,Automatic,16975,38,0,134.5,Hybrid,2.0
245, C Class,2016,15067,Manual,21553,25,20,70.6,Diesel,1.6
246, C Class,2015,13917,Automatic,43097,32,125,52.3,Petrol,2.0
247, C Class,2015,15990,Automatic,26400,32,125,52.3,Petrol,2.0
248, C Class,2016,18833,Automatic,17593,37,30,64.2,Diesel,2.1
249, C Class,2016,18495,Semi-Auto,30000,37,0,74.3,Hybrid,2.1
250, C Class,2017,15495,Manual,31070,31,125,51.4,Petrol,2.0
251, C Class,2017,20981,Manual,7693,32,145,53.3,Petrol,2.0
252, C Class,2017,22532,Semi-Auto,20150,32,145,47.1,Petrol,2.0
253, C Class,2018,25298,Semi-Auto,8702,33,145,47.1,Petrol,2.0
254, C Class,2017,25498,Automatic,6067,32,145,67.3,Diesel,2.1
255, C Class,2016,21698,Semi-Auto,15804,39,0,134.5,Hybrid,2.0
256, C Class,2015,15790,Semi-Auto,19830,33,125,50.4,Petrol,2.0
257, C Class,2016,16998,Semi-Auto,13795,25,30,65.7,Diesel,1.6
258, C Class,2017,18240,Semi-Auto,44118,38,0,134.5,Hybrid,2.0
259, C Class,2017,22792,Semi-Auto,11163,32,145,48.7,Petrol,2.0
260, C Class,2017,18231,Semi-Auto,20185,31,145,50.4,Petrol,2.0
261, C Class,2014,14601,Semi-Auto,60000,37,125,60.1,Diesel,2.1
262, C Class,2018,23247,Automatic,10137,38,145,61.4,Diesel,2.1
263, C Class,2017,22720,Automatic,14161,32,145,67.3,Diesel,2.1
264, C Class,2017,18115,Semi-Auto,20846,31,145,50.4,Petrol,2.0
265, C Class,2016,20480,Semi-Auto,20169,38,30,64.2,Diesel,2.1
266, C Class,2016,21000,Semi-Auto,22156,38,30,64.2,Diesel,2.1
267, C Class,2016,19750,Semi-Auto,25000,38,30,64.2,Diesel,2.1
268, C Class,2016,20365,Semi-Auto,21430,32,145,49.6,Petrol,2.0
269, C Class,2016,17981,Semi-Auto,10581,25,30,64.2,Diesel,1.6
270, C Class,2015,19990,Semi-Auto,12469,38,30,64.2,Diesel,2.1
271, C Class,2016,20995,Automatic,19805,32,20,67.3,Diesel,2.1
272, C Class,2017,21630,Automatic,21994,32,145,67.3,Diesel,2.1
273, C Class,2014,12262,Semi-Auto,39547,30,145,53.3,Diesel,2.1
274, C Class,2016,22790,Semi-Auto,9600,33,145,49.6,Petrol,2.0
275, C Class,2016,16657,Semi-Auto,24247,30,20,65.7,Diesel,2.1
276, C Class,2018,21000,Semi-Auto,16424,31,145,64.2,Diesel,2.1
277, C Class,2018,24480,Semi-Auto,10859,38,145,58.9,Diesel,2.1
278, C Class,2015,17790,Automatic,8726,31,20,64.2,Diesel,2.1
279, C Class,2015,14690,Semi-Auto,68647,37,30,64.2,Diesel,2.1
280, C Class,2018,22991,Semi-Auto,7615,32,145,67.3,Diesel,2.1
281, C Class,2017,20091,Semi-Auto,24991,32,150,61.4,Diesel,2.1
282, C Class,2016,17498,Semi-Auto,63507,37,0,76.4,Hybrid,2.1
283, C Class,2015,10998,Manual,92589,31,20,68.9,Diesel,2.1
284, C Class,2017,16495,Semi-Auto,25656,25,30,65.7,Diesel,1.6
285, C Class,2017,24352,Automatic,8884,33,20,67.3,Diesel,2.1
286, C Class,2017,18372,Semi-Auto,26508,31,145,50.4,Petrol,2.0
287, C Class,2015,16592,Semi-Auto,25230,31,20,64.2,Diesel,2.1
288, C Class,2017,22852,Semi-Auto,21750,32,145,67.3,Diesel,2.1
289, C Class,2015,15212,Semi-Auto,36120,31,20,64.2,Diesel,2.1
290, C Class,2018,25812,Semi-Auto,11451,32,145,67.3,Diesel,2.1
291, C Class,2015,10397,Manual,79881,30,20,65.7,Diesel,2.1
292, C Class,2015,12672,Manual,44121,29,20,70.6,Diesel,2.1
293, C Class,2015,13898,Manual,17426,29,125,53.3,Petrol,2.0
294, C Class,2017,18498,Semi-Auto,42100,38,0,134.5,Hybrid,2.0
295, C Class,2016,16009,Automatic,39924,25,30,64.2,Diesel,1.6
296, C Class,2017,13980,Manual,21300,29,150,53.3,Petrol,2.0
297, C Class,2017,14980,Manual,45034,31,20,68.9,Diesel,2.1
298, C Class,2017,18830,Semi-Auto,42437,39,0,134.5,Hybrid,2.0
299, C Class,2017,19250,Semi-Auto,30796,39,0,134.5,Hybrid,2.0
300, C Class,2014,13251,Semi-Auto,56219,37,20,64.2,Diesel,2.1
301, C Class,2015,17712,Semi-Auto,22958,26,30,64.2,Diesel,1.6
302, C Class,2018,19902,Semi-Auto,45734,37,145,62.8,Diesel,2.1
303, C Class,2015,10610,Manual,83047,26,20,70.6,Diesel,1.6
304, C Class,2017,14965,Semi-Auto,40623,25,30,64.2,Diesel,1.6
305, C Class,2016,19490,Semi-Auto,26900,37,30,64.2,Diesel,2.1
306, C Class,2016,14700,Automatic,59023,25,30,64.2,Diesel,1.6
307, C Class,2016,13200,Manual,52684,25,30,65.7,Diesel,1.6
308, C Class,2014,13100,Semi-Auto,78845,32,30,64.2,Diesel,2.1
309, C Class,2013,10404,Semi-Auto,42477,29,160,46.3,Petrol,1.6
310, C Class,2017,24998,Semi-Auto,15754,33,145,67.3,Diesel,2.1
311, C Class,2014,15981,Semi-Auto,49552,32,30,64.2,Diesel,2.1
312, C Class,2016,17902,Semi-Auto,29607,25,30,64.2,Diesel,1.6
313, C Class,2017,18970,Automatic,19858,25,145,64.2,Diesel,1.6
314, C Class,2016,21870,Semi-Auto,7576,32,20,67.3,Diesel,2.1
315, C Class,2015,16260,Semi-Auto,18025,31,20,64.2,Diesel,2.1
316, C Class,2015,15480,Manual,35223,31,20,68.9,Diesel,2.1
317, C Class,2017,18480,Semi-Auto,33105,31,145,64.2,Diesel,2.1
318, C Class,2016,19000,Semi-Auto,28632,37,30,64.2,Diesel,2.1
319, C Class,2017,16791,Semi-Auto,45624,31,145,61.4,Diesel,2.1
320, C Class,2016,18340,Manual,43650,32,30,65.7,Diesel,2.1
321, C Class,2018,21430,Semi-Auto,7011,27,145,64.2,Diesel,1.6
322, C Class,2018,24810,Semi-Auto,20496,32,145,67.3,Diesel,2.1
323, C Class,2015,13500,Semi-Auto,37020,25,30,65.7,Diesel,1.6
324, C Class,2014,16964,Automatic,20281,31,30,64.2,Diesel,2.1
325, C Class,2018,22680,Automatic,20039,32,145,67.3,Diesel,2.1
326, C Class,2017,18995,Semi-Auto,40400,38,0,134.5,Hybrid,2.0
327, C Class,2017,16995,Semi-Auto,24844,25,30,65.7,Diesel,1.6
328, C Class,2017,13610,Manual,32783,29,125,53.3,Petrol,2.0
329, C Class,2016,16000,Manual,19019,25,20,70.6,Diesel,1.6
330, C Class,2017,21000,Semi-Auto,19566,37,145,61.4,Diesel,2.1
331, C Class,2015,17682,Semi-Auto,27852,32,30,64.2,Diesel,2.1
332, C Class,2017,20480,Semi-Auto,12283,31,145,64.2,Diesel,2.1
333, C Class,2017,19980,Semi-Auto,16624,37,145,64.2,Diesel,2.1
334, C Class,2017,15980,Manual,34692,31,20,68.9,Diesel,2.1
335, C Class,2017,17280,Semi-Auto,42294,31,145,64.2,Diesel,2.1
336, C Class,2015,16480,Semi-Auto,41349,31,30,62.8,Diesel,2.1
337, C Class,2014,15894,Semi-Auto,33896,31,30,64.2,Diesel,2.1
338, C Class,2015,15495,Automatic,37200,31,20,64.2,Diesel,2.1
339, C Class,2018,21980,Semi-Auto,8024,31,145,60.1,Diesel,2.1
340, C Class,2015,14000,Manual,43927,31,20,68.9,Diesel,2.1
341, C Class,2016,20780,Semi-Auto,31246,31,20,68.9,Diesel,2.1
342, C Class,2016,15480,Manual,36069,31,20,68.9,Diesel,2.1
343, C Class,2017,23995,Semi-Auto,14120,32,20,67.3,Diesel,2.1
344, C Class,2015,14440,Semi-Auto,30380,31,20,64.2,Diesel,2.1
345, C Class,2016,17998,Semi-Auto,6043,25,30,64.2,Diesel,1.6
346, C Class,2016,19698,Semi-Auto,13115,38,0,134.5,Hybrid,2.0
347, C Class,2016,18998,Automatic,26372,38,0,134.5,Hybrid,2.0
348, C Class,2017,18498,Semi-Auto,48404,39,0,134.5,Hybrid,2.0
349, C Class,2016,13698,Semi-Auto,86965,38,0,134.5,Hybrid,2.0
350, C Class,2016,13498,Manual,32174,30,20,70.6,Diesel,2.1
351, C Class,2014,11133,Semi-Auto,61616,30,145,56.5,Diesel,2.1
352, C Class,2017,21495,Semi-Auto,17442,38,145,58.9,Diesel,2.1
353, C Class,2016,19170,Automatic,35620,33,125,52.3,Petrol,2.0
354, C Class,2013,23000,Semi-Auto,43442,45,580,23.0,Petrol,6.2
355, C Class,2015,14850,Semi-Auto,44458,31,30,64.2,Diesel,2.1
356, C Class,2017,19498,Semi-Auto,46889,39,0,134.5,Hybrid,2.0
357, C Class,2016,14057,Manual,21443,25,20,70.6,Diesel,1.6
358, C Class,2017,27995,Automatic,4495,34,145,47.1,Petrol,2.0
359, C Class,2015,13260,Automatic,79950,37,0,76.4,Hybrid,2.1
360, C Class,2018,18450,Automatic,30460,31,145,61.4,Diesel,2.1
361, C Class,2015,17250,Automatic,20720,31,30,64.2,Diesel,2.1
362, C Class,2016,18790,Semi-Auto,25250,38,0,134.5,Hybrid,2.0
363, C Class,2017,17300,Semi-Auto,27420,26,145,65.7,Diesel,1.6
364, C Class,2015,15298,Semi-Auto,59925,38,0,134.5,Hybrid,2.0
365, C Class,2016,17400,Automatic,27036,38,0,134.5,Hybrid,2.0
366, C Class,2015,15999,Semi-Auto,39195,36,0,78.5,Hybrid,2.1
367, C Class,2018,21160,Semi-Auto,13800,32,145,61.4,Diesel,2.1
368, C Class,2014,20495,Automatic,10,31,20,64.2,Diesel,2.1
369, C Class,2015,12999,Manual,18766,29,125,53.3,Petrol,2.0
370, C Class,2014,13390,Semi-Auto,43793,31,125,52.3,Petrol,2.0
371, C Class,2017,18299,Semi-Auto,8552,31,145,50.4,Petrol,2.0
372, C Class,2014,11000,Semi-Auto,71892,33,145,56.5,Diesel,2.1
373, C Class,2015,16617,Automatic,27080,32,30,64.2,Diesel,2.1
374, C Class,2018,22201,Semi-Auto,22318,32,145,67.3,Diesel,2.1
375, C Class,2018,23299,Semi-Auto,17000,32,145,67.3,Diesel,2.1
376, C Class,2014,15990,Automatic,40997,37,125,60.1,Diesel,2.1
377, C Class,2018,18999,Automatic,24863,31,145,50.4,Petrol,2.0
378, C Class,2018,22595,Semi-Auto,14389,32,145,67.3,Diesel,2.1
379, C Class,2014,10290,Semi-Auto,79216,30,145,53.3,Diesel,2.1
380, C Class,2015,10700,Semi-Auto,58724,43,145,53.3,Diesel,2.1
381, C Class,2017,18481,Automatic,20179,31,145,61.4,Diesel,2.1
382, C Class,2013,8751,Semi-Auto,91046,36,150,53.3,Diesel,2.1
383, C Class,2015,11500,Manual,42918,29,125,53.3,Petrol,2.0
384, C Class,2015,14999,Manual,42785,31,20,68.9,Diesel,2.1
385, C Class,2017,19999,Semi-Auto,9453,31,145,64.2,Diesel,2.1
386, C Class,2016,21995,Semi-Auto,18998,33,150,49.6,Petrol,2.0
387, C Class,2017,19545,Semi-Auto,32000,32,30,61.4,Diesel,2.1
388, C Class,2017,18750,Semi-Auto,30000,26,150,65.7,Diesel,1.6
389, C Class,2017,20995,Semi-Auto,14800,38,125,58.9,Diesel,2.1
390, C Class,2015,16995,Manual,15000,31,20,68.9,Diesel,2.1
391, C Class,2016,18249,Automatic,36077,38,30,64.2,Diesel,2.1
392, C Class,2017,22479,Semi-Auto,30200,32,145,67.3,Diesel,2.1
393, C Class,2017,17973,Semi-Auto,69791,38,0,74.3,Hybrid,2.1
394, C Class,2016,16991,Semi-Auto,28500,37,20,64.2,Diesel,2.1
395, C Class,2018,21500,Automatic,15922,31,145,60.1,Diesel,2.1
396, C Class,2016,22999,Semi-Auto,26673,33,20,67.3,Diesel,2.1
397, C Class,2017,22995,Automatic,20362,38,145,65.7,Diesel,2.1
398, C Class,2016,16495,Semi-Auto,28304,25,30,65.7,Diesel,1.6
399, C Class,2013,8991,Semi-Auto,47334,32,30,64.2,Diesel,2.1
400, C Class,2015,15849,Semi-Auto,44012,32,30,64.2,Diesel,2.1
401, C Class,2015,15990,Automatic,43120,32,30,64.2,Diesel,2.1
402, C Class,2015,17441,Semi-Auto,49910,38,125,60.1,Diesel,2.1
403, C Class,2013,9991,Semi-Auto,66419,29,165,44.1,Petrol,1.6
404, C Class,2017,19762,Automatic,36047,32,145,61.4,Diesel,2.1
405, C Class,2018,23456,Automatic,26723,38,145,65.7,Diesel,2.1
406, C Class,2015,16122,Semi-Auto,46522,26,30,64.2,Diesel,1.6
407, C Class,2015,12980,Semi-Auto,46500,29,20,65.7,Diesel,2.1
408, C Class,2016,17990,Semi-Auto,51300,38,30,64.2,Diesel,2.1
409, C Class,2017,17990,Semi-Auto,19627,31,145,50.4,Petrol,2.0
410, C Class,2017,22290,Automatic,34587,38,30,65.7,Diesel,2.1
411, C Class,2013,9991,Manual,39187,29,160,46.3,Petrol,1.6
412, C Class,2016,17991,Automatic,29446,36,160,44.8,Petrol,2.0
413, C Class,2017,18299,Semi-Auto,36152,32,145,50.4,Petrol,2.0
414, C Class,2017,18999,Semi-Auto,9198,31,145,50.4,Petrol,2.0
415, C Class,2018,26492,Semi-Auto,28801,38,145,65.7,Diesel,2.1
416, C Class,2018,19995,Automatic,2077,26,145,65.7,Diesel,1.6
417, C Class,2016,16750,Automatic,24909,25,30,64.2,Diesel,1.6
418, C Class,2017,20490,Semi-Auto,50232,32,20,67.3,Diesel,2.1
419, C Class,2015,13100,Automatic,63955,31,20,64.2,Diesel,2.1
420, C Class,2016,19000,Semi-Auto,37956,39,0,134.5,Hybrid,2.0
421, C Class,2017,23000,Semi-Auto,17125,33,145,47.1,Petrol,2.0
422, C Class,2017,19000,Semi-Auto,20070,32,145,64.2,Diesel,2.1
423, C Class,2016,18790,Semi-Auto,25441,38,0,134.5,Hybrid,2.0
424, C Class,2018,18700,Automatic,28629,31,145,60.1,Diesel,2.1
425, C Class,2017,22995,Semi-Auto,38471,32,145,67.3,Diesel,2.1
426, C Class,2016,21133,Semi-Auto,46080,38,30,65.7,Diesel,2.1
427, C Class,2018,27991,Semi-Auto,5386,38,150,65.7,Diesel,2.1
428, C Class,2017,22495,Semi-Auto,13919,32,145,61.4,Diesel,2.1
429, C Class,2016,15900,Manual,9870,25,20,70.6,Diesel,1.6
430, C Class,2018,20690,Semi-Auto,15900,31,145,48.7,Petrol,2.0
431, C Class,2017,18491,Semi-Auto,18390,31,145,50.4,Petrol,2.0
432, C Class,2018,24546,Automatic,12397,38,145,58.9,Diesel,2.1
433, C Class,2017,22995,Semi-Auto,20000,33,150,67.3,Diesel,2.1
434, C Class,2015,22402,Semi-Auto,21123,33,20,67.3,Diesel,2.1
435, C Class,2016,17443,Semi-Auto,55877,38,125,60.1,Diesel,2.1
436, C Class,2018,18700,Semi-Auto,26765,31,145,60.1,Diesel,2.1
437, C Class,2017,23056,Automatic,23378,38,145,65.7,Diesel,2.1
438, C Class,2015,16732,Automatic,33350,32,30,64.2,Diesel,2.1
439, C Class,2018,22805,Automatic,11259,32,145,67.3,Diesel,2.1
440, C Class,2017,21700,Semi-Auto,23114,32,145,60.1,Diesel,2.1
441, C Class,2018,22498,Semi-Auto,3900,31,145,60.1,Diesel,2.1
442, C Class,2018,23781,Semi-Auto,25111,33,145,47.1,Petrol,2.0
443, C Class,2015,19995,Semi-Auto,39000,32,30,62.8,Diesel,2.1
444, C Class,2017,19000,Semi-Auto,20070,32,145,64.2,Diesel,2.1
445, C Class,2014,12900,Semi-Auto,24600,35,160,44.8,Petrol,1.6
446, C Class,2017,21998,Semi-Auto,15935,38,145,61.4,Diesel,2.1
447, C Class,2014,14498,Semi-Auto,49152,37,20,64.2,Diesel,2.1
448, C Class,2015,17998,Semi-Auto,24209,31,30,64.2,Diesel,2.1
449, C Class,2016,19998,Semi-Auto,34850,39,0,134.5,Hybrid,2.0
450, C Class,2017,22597,Semi-Auto,23366,38,145,65.7,Diesel,2.1
451, C Class,2017,22162,Semi-Auto,48142,33,20,67.3,Diesel,2.1
452, C Class,2014,14990,Semi-Auto,57499,37,125,60.1,Diesel,2.1
453, C Class,2015,14490,Semi-Auto,51866,31,20,64.2,Diesel,2.1
454, C Class,2016,13680,Manual,40880,25,20,70.6,Diesel,1.6
455, C Class,2017,20990,Semi-Auto,30447,32,150,61.4,Diesel,2.1
456, C Class,2017,18990,Semi-Auto,41935,31,30,64.2,Diesel,2.1
457, C Class,2016,20990,Semi-Auto,14704,32,150,49.6,Petrol,2.0
458, C Class,2016,24950,Semi-Auto,17635,32,20,67.3,Diesel,2.1
459, C Class,2016,19440,Semi-Auto,29409,39,0,134.5,Hybrid,2.0
460, C Class,2017,19945,Semi-Auto,16425,25,145,64.2,Diesel,1.6
461, C Class,2017,20495,Automatic,26367,32,145,48.7,Petrol,2.0
462, C Class,2015,17435,Automatic,33384,37,125,60.1,Diesel,2.1
463, C Class,2016,18498,Semi-Auto,30490,38,0,134.5,Hybrid,2.0
464, C Class,2016,14998,Semi-Auto,66732,36,0,78.5,Hybrid,2.1
465, C Class,2016,15495,Automatic,72676,39,0,134.5,Hybrid,2.0
466, C Class,2013,11900,Semi-Auto,33925,31,160,44.8,Petrol,1.6
467, C Class,2016,17450,Semi-Auto,21875,25,30,64.2,Diesel,1.6
468, C Class,2016,10749,Manual,91751,30,20,65.7,Diesel,2.1
469, C Class,2015,13999,Manual,42407,31,20,68.9,Diesel,2.1
470, C Class,2018,19980,Semi-Auto,26119,31,145,61.4,Diesel,2.1
471, C Class,2018,24600,Semi-Auto,8223,38,145,61.4,Diesel,2.1
472, C Class,2016,16690,Semi-Auto,14314,25,30,65.7,Diesel,1.6
473, C Class,2018,21299,Semi-Auto,5628,31,150,60.1,Diesel,2.1
474, C Class,2017,19995,Semi-Auto,36814,32,145,48.7,Petrol,2.0
475, C Class,2016,15429,Semi-Auto,50446,25,30,65.7,Diesel,1.6
476, C Class,2014,16999,Semi-Auto,33593,32,30,64.2,Diesel,2.1
477, C Class,2015,18799,Semi-Auto,37890,38,30,64.2,Diesel,2.1
478, C Class,2014,13490,Semi-Auto,68422,31,30,64.2,Diesel,2.1
479, C Class,2013,9990,Semi-Auto,41842,29,145,56.5,Diesel,2.1
480, C Class,2017,18490,Semi-Auto,46430,37,150,61.4,Diesel,2.1
481, C Class,2013,9990,Semi-Auto,41841,29,145,56.5,Diesel,2.1
482, C Class,2014,13490,Semi-Auto,68422,31,30,64.2,Diesel,2.1
483, C Class,2017,14690,Manual,41814,25,30,65.7,Diesel,1.6
484, C Class,2017,19280,Semi-Auto,43855,32,145,61.4,Diesel,2.1
485, C Class,2016,16020,Manual,11972,25,30,65.7,Diesel,1.6
486, C Class,2017,21220,Semi-Auto,32228,38,125,58.9,Diesel,2.1
487, C Class,2015,19825,Automatic,58873,32,20,67.3,Diesel,2.1
488, C Class,2016,18780,Semi-Auto,38436,39,0,134.5,Hybrid,2.0
489, C Class,2017,23965,Automatic,22919,32,145,47.1,Petrol,2.0
490, C Class,2017,14680,Manual,32910,30,20,70.6,Diesel,2.1
491, C Class,2017,22980,Semi-Auto,22894,32,145,47.1,Petrol,2.0
492, C Class,2017,19980,Semi-Auto,22422,31,145,61.4,Diesel,2.1
493, C Class,2016,18780,Semi-Auto,40197,39,0,134.5,Hybrid,2.0
494, C Class,2017,21500,Semi-Auto,9238,32,150,48.7,Petrol,2.0
495, C Class,2014,14732,Semi-Auto,38824,31,20,64.2,Diesel,2.1
496, C Class,2018,19056,Automatic,25833,32,145,50.4,Petrol,2.0
497, C Class,2015,19990,Semi-Auto,37000,38,0,74.3,Hybrid,2.1
498, C Class,2015,14490,Semi-Auto,58502,31,20,64.2,Diesel,2.1
499, C Class,2017,18490,Semi-Auto,25584,32,145,50.4,Petrol,2.0
500, C Class,2018,22980,Semi-Auto,18285,32,145,61.4,Diesel,2.1
501, C Class,2017,15980,Manual,34691,31,20,68.9,Diesel,2.1
502, C Class,2014,11750,Semi-Auto,77043,31,20,64.2,Diesel,2.1
503, C Class,2014,13290,Semi-Auto,46078,31,125,52.3,Petrol,2.0
504, C Class,2014,11750,Semi-Auto,77043,31,20,64.2,Diesel,2.1
505, C Class,2015,14500,Semi-Auto,54000,31,20,64.2,Diesel,2.1
506, C Class,2017,24502,Semi-Auto,22079,32,145,67.3,Diesel,2.1
507, C Class,2017,18258,Semi-Auto,51304,32,150,60.1,Diesel,2.1
508, C Class,2015,16892,Semi-Auto,35464,32,30,64.2,Diesel,2.1
509, C Class,2014,14992,Semi-Auto,53600,34,30,64.2,Diesel,2.1
510, C Class,2017,23111,Semi-Auto,24698,33,145,47.1,Petrol,2.0
511, C Class,2018,18700,Semi-Auto,25340,31,145,60.1,Diesel,2.1
512, C Class,2018,18900,Automatic,23570,31,145,61.4,Diesel,2.1
513, C Class,2015,10090,Semi-Auto,57843,30,150,53.3,Diesel,2.1
514, C Class,2014,12600,Automatic,52379,31,125,52.3,Petrol,2.0
515, C Class,2018,25500,Semi-Auto,10592,32,145,67.3,Diesel,2.1
516, C Class,2017,23401,Semi-Auto,11457,32,145,47.1,Petrol,2.0
517, C Class,2017,21011,Semi-Auto,18955,32,30,61.4,Diesel,2.1
518, C Class,2017,16911,Semi-Auto,32390,25,150,65.7,Diesel,1.6
519, C Class,2015,15142,Semi-Auto,48000,37,20,64.2,Diesel,2.1
520, C Class,2015,14290,Semi-Auto,53227,32,125,52.3,Petrol,2.0
521, C Class,2016,14390,Semi-Auto,36836,24,30,65.7,Diesel,1.6
522, C Class,2018,23500,Semi-Auto,10240,38,145,61.4,Diesel,2.1
523, C Class,2017,23942,Automatic,30124,37,160,43.5,Petrol,2.0
524, C Class,2018,18450,Semi-Auto,34650,31,145,61.4,Diesel,2.1
525, C Class,2015,12995,Automatic,45024,31,20,64.2,Diesel,2.1
526, C Class,2015,12999,Manual,47709,30,20,65.7,Diesel,2.1
527, C Class,2015,12995,Manual,22852,29,125,53.3,Petrol,2.0
528, C Class,2018,22990,Semi-Auto,32373,38,145,61.4,Diesel,2.1
529, C Class,2017,18890,Semi-Auto,25066,31,145,64.2,Diesel,2.1
530, C Class,2016,22890,Semi-Auto,20077,33,20,67.3,Diesel,2.1
531, C Class,2016,15890,Semi-Auto,34499,30,20,65.7,Diesel,2.1
532, C Class,2017,25000,Automatic,9507,34,145,47.1,Petrol,2.0
533, C Class,2015,15789,Semi-Auto,42164,31,30,64.2,Diesel,2.1
534, C Class,2016,19750,Semi-Auto,31467,38,30,64.2,Diesel,2.1
535, C Class,2017,19000,Semi-Auto,17329,31,20,68.9,Diesel,2.1
536, C Class,2018,20690,Semi-Auto,15750,31,145,48.7,Petrol,2.0
537, C Class,2015,15135,Semi-Auto,40312,32,125,52.3,Petrol,2.0
538, C Class,2018,23995,Semi-Auto,12137,32,145,67.3,Diesel,2.1
539, C Class,2017,21950,Semi-Auto,25270,38,135,74.3,Hybrid,2.1
540, C Class,2017,23400,Semi-Auto,35270,38,30,65.7,Diesel,2.1
541, C Class,2017,21958,Semi-Auto,14105,38,145,61.4,Diesel,2.1
542, C Class,2015,18500,Automatic,8940,31,30,64.2,Diesel,2.1
543, C Class,2015,15495,Semi-Auto,21064,32,125,52.3,Petrol,2.0
544, C Class,2015,15890,Semi-Auto,54000,32,30,64.2,Diesel,2.1
545, C Class,2016,18490,Semi-Auto,36688,27,30,64.2,Diesel,1.6
546, C Class,2016,21500,Semi-Auto,37188,32,20,67.3,Diesel,2.1
547, C Class,2017,22995,Semi-Auto,21590,33,145,47.1,Petrol,2.0
548, C Class,2015,14150,Semi-Auto,60597,37,20,64.2,Diesel,2.1
549, C Class,2016,15000,Manual,32254,25,30,65.7,Diesel,1.6
550, C Class,2016,22495,Semi-Auto,25399,32,20,68.9,Diesel,2.1
551, C Class,2017,19495,Semi-Auto,23136,31,30,64.2,Diesel,2.1
552, C Class,2017,22395,Semi-Auto,26853,32,20,67.3,Diesel,2.1
553, C Class,2017,19495,Semi-Auto,17257,31,145,50.4,Petrol,2.0
554, C Class,2017,14995,Automatic,48054,31,145,64.2,Diesel,2.1
555, C Class,2016,18995,Manual,9098,31,30,64.2,Diesel,2.1
556, C Class,2016,21991,Semi-Auto,32924,32,20,67.3,Diesel,2.1
557, C Class,2018,18171,Semi-Auto,35517,31,145,49.6,Petrol,2.0
558, C Class,2018,21492,Semi-Auto,10267,31,145,60.1,Diesel,2.1
559, C Class,2017,18801,Semi-Auto,14812,26,145,64.2,Diesel,1.6
560, C Class,2017,18495,Semi-Auto,18758,31,150,50.4,Petrol,2.0
561, C Class,2018,19495,Semi-Auto,11828,31,145,64.2,Diesel,2.1
562, C Class,2018,24222,Semi-Auto,9305,32,145,67.3,Diesel,2.1
563, C Class,2015,17690,Automatic,32019,37,125,60.1,Diesel,2.1
564, C Class,2016,17399,Semi-Auto,53000,38,125,60.1,Diesel,2.1
565, C Class,2017,18896,Semi-Auto,16323,37,145,61.4,Diesel,2.1
566, C Class,2014,15499,Semi-Auto,34527,37,30,61.4,Diesel,2.1
567, C Class,2018,18649,Semi-Auto,38277,31,145,61.4,Diesel,2.1
568, C Class,2017,17981,Semi-Auto,13881,31,145,64.2,Diesel,2.1
569, C Class,2016,21895,Semi-Auto,20651,32,20,67.3,Diesel,2.1
570, C Class,2017,19895,Semi-Auto,8142,31,30,60.1,Diesel,2.1
571, C Class,2013,11552,Automatic,43500,33,160,44.8,Petrol,1.6
572, C Class,2017,24202,Automatic,20698,32,145,67.3,Diesel,2.1
573, C Class,2016,18232,Semi-Auto,33085,38,0,134.5,Hybrid,2.0
574, C Class,2013,8795,Manual,75067,32,125,60.1,Diesel,2.1
575, C Class,2014,15999,Semi-Auto,31273,29,125,52.3,Petrol,2.0
576, C Class,2015,13750,Semi-Auto,61985,31,20,64.2,Diesel,2.1
577, C Class,2017,17490,Automatic,37484,31,145,64.2,Diesel,2.1
578, C Class,2016,22995,Semi-Auto,30012,33,20,67.3,Diesel,2.1
579, C Class,2016,24890,Semi-Auto,25002,38,30,65.7,Diesel,2.1
580, C Class,2017,21490,Semi-Auto,54000,33,150,67.3,Diesel,2.1
581, C Class,2017,18981,Semi-Auto,25688,32,145,64.2,Diesel,2.1
582, C Class,2017,23990,Semi-Auto,29000,37,145,43.5,Petrol,2.0
583, C Class,2018,21189,Automatic,10264,31,145,60.1,Diesel,2.1
584, C Class,2017,22489,Automatic,33412,32,145,47.1,Petrol,2.0
585, C Class,2016,20895,Semi-Auto,35999,38,125,60.1,Diesel,2.1
586, C Class,2014,13295,Semi-Auto,38644,35,160,44.8,Petrol,1.6
587, C Class,2017,17099,Semi-Auto,15465,30,145,65.7,Diesel,2.1
588, C Class,2014,13950,Semi-Auto,39204,31,20,64.2,Diesel,2.1
589, C Class,2017,15250,Semi-Auto,45431,31,145,64.2,Diesel,2.1
590, C Class,2016,20299,Semi-Auto,35207,32,20,67.3,Diesel,2.1
591, C Class,2017,22999,Semi-Auto,26935,32,20,67.3,Diesel,2.1
592, C Class,2015,16699,Semi-Auto,48000,37,30,64.2,Diesel,2.1
593, C Class,2017,24499,Semi-Auto,19169,33,150,67.3,Diesel,2.1
594, C Class,2016,21099,Semi-Auto,9272,37,20,67.3,Diesel,2.1
595, C Class,2017,18495,Semi-Auto,29979,31,145,50.4,Petrol,2.0
596, C Class,2017,18795,Semi-Auto,37756,31,30,60.1,Diesel,2.1
597, C Class,2016,18950,Automatic,32720,38,30,64.2,Diesel,2.1
598, C Class,2016,19599,Semi-Auto,68770,38,0,74.3,Hybrid,2.1
599, C Class,2017,15699,Manual,15252,29,145,53.3,Petrol,2.0
600, C Class,2015,16999,Semi-Auto,32119,32,30,64.2,Diesel,2.1
601, C Class,2017,20099,Semi-Auto,28408,32,30,60.1,Diesel,2.1
602, C Class,2016,20199,Semi-Auto,34400,32,20,67.3,Diesel,2.1
603, C Class,2017,23999,Semi-Auto,21212,32,150,67.3,Diesel,2.1
604, C Class,2017,22399,Semi-Auto,19906,37,160,43.5,Petrol,2.0
605, C Class,2015,14899,Semi-Auto,46000,31,20,64.2,Diesel,2.1
606, C Class,2017,14999,Semi-Auto,35600,29,145,50.4,Petrol,2.0
607, C Class,2017,22000,Semi-Auto,46512,38,145,65.7,Diesel,2.1
608, C Class,2017,20600,Semi-Auto,29543,32,145,60.1,Diesel,2.1
609, C Class,2017,20500,Semi-Auto,40782,38,145,58.9,Diesel,2.1
610, C Class,2016,17399,Semi-Auto,36074,25,30,64.2,Diesel,1.6
611, C Class,2015,16199,Semi-Auto,21539,31,20,64.2,Diesel,2.1
612, C Class,2013,12999,Automatic,23790,36,145,53.3,Diesel,2.1
613, C Class,2016,21999,Semi-Auto,20801,38,30,64.2,Diesel,2.1
614, C Class,2017,17890,Semi-Auto,26514,31,145,61.4,Diesel,2.1
615, C Class,2015,15991,Semi-Auto,35000,37,125,60.1,Diesel,2.1
616, C Class,2017,14990,Semi-Auto,76982,38,0,134.5,Hybrid,2.0
617, C Class,2016,20890,Semi-Auto,25726,32,20,68.9,Diesel,2.1
618, C Class,2017,25490,Semi-Auto,9714,38,30,65.7,Diesel,2.1
619, C Class,2014,14999,Semi-Auto,39501,31,20,64.2,Diesel,2.1
620, C Class,2014,11999,Semi-Auto,28000,29,150,47.9,Petrol,1.6
621, C Class,2018,25949,Semi-Auto,11961,38,145,65.7,Diesel,2.1
622, C Class,2018,23149,Semi-Auto,17000,38,145,61.4,Diesel,2.1
623, C Class,2014,14299,Semi-Auto,47399,31,20,64.2,Diesel,2.1
624, C Class,2015,17399,Semi-Auto,21019,31,20,64.2,Diesel,2.1
625, C Class,2017,24999,Semi-Auto,21210,38,145,65.7,Diesel,2.1
626, C Class,2014,16450,Semi-Auto,27032,32,30,64.2,Diesel,2.1
627, C Class,2016,21600,Semi-Auto,33028,38,30,65.7,Diesel,2.1
628, C Class,2016,18449,Semi-Auto,23077,37,30,64.2,Diesel,2.1
629, C Class,2017,20700,Semi-Auto,18346,32,150,61.4,Diesel,2.1
630, C Class,2017,19350,Semi-Auto,35707,32,30,61.4,Diesel,2.1
631, C Class,2017,23899,Semi-Auto,20604,38,145,65.7,Diesel,2.1
632, C Class,2018,25000,Semi-Auto,11150,33,145,67.3,Diesel,2.1
633, C Class,2018,25000,Automatic,11048,38,145,65.7,Diesel,2.1
634, C Class,2017,18510,Semi-Auto,27573,32,30,64.2,Diesel,2.1
635, C Class,2016,18449,Semi-Auto,23077,37,30,64.2,Diesel,2.1
636, C Class,2016,17491,Automatic,18500,30,20,65.7,Diesel,2.1
637, C Class,2016,22624,Semi-Auto,10271,33,145,49.6,Petrol,2.0
638, C Class,2014,14491,Manual,23000,31,125,52.3,Petrol,2.0
639, C Class,2015,14490,Semi-Auto,41590,32,125,52.3,Petrol,2.0
640, C Class,2016,17500,Semi-Auto,41758,38,0,134.5,Hybrid,2.0
641, C Class,2018,15999,Semi-Auto,41650,30,145,65.7,Diesel,2.1
642, C Class,2014,10995,Semi-Auto,39802,43,145,53.3,Diesel,2.1
643, C Class,2017,25999,Semi-Auto,6600,34,145,47.1,Petrol,2.0
644, C Class,2015,17749,Semi-Auto,19039,37,30,64.2,Diesel,2.1
645, C Class,2017,22449,Semi-Auto,44998,38,30,65.7,Diesel,2.1
646, C Class,2016,17299,Semi-Auto,66500,38,125,60.1,Diesel,2.1
647, C Class,2016,17999,Semi-Auto,21040,25,30,64.2,Diesel,1.6
648, C Class,2018,26199,Automatic,9366,38,145,65.7,Diesel,2.1
649, C Class,2016,24799,Automatic,30385,38,30,65.7,Diesel,2.1
650, C Class,2017,23699,Semi-Auto,7978,32,20,67.3,Diesel,2.1
651, C Class,2018,23799,Semi-Auto,3640,32,145,47.9,Petrol,2.0
652, C Class,2018,18399,Semi-Auto,31122,31,145,64.2,Diesel,2.1
653, C Class,2016,19799,Semi-Auto,38500,33,125,52.3,Petrol,2.0
654, C Class,2018,26799,Semi-Auto,7466,34,145,47.1,Petrol,2.0
655, C Class,2017,24289,Semi-Auto,13716,38,30,65.7,Diesel,2.1
656, C Class,2018,26189,Semi-Auto,8069,38,145,65.7,Diesel,2.1
657, C Class,2016,21099,Semi-Auto,9272,37,20,67.3,Diesel,2.1
658, C Class,2017,16995,Semi-Auto,19372,26,145,64.2,Diesel,1.6
659, C Class,2016,13990,Manual,57138,31,20,68.9,Diesel,2.1
660, C Class,2018,25399,Automatic,18257,32,145,67.3,Diesel,2.1
661, C Class,2017,18049,Semi-Auto,41005,37,30,61.4,Diesel,2.1
662, C Class,2015,16789,Semi-Auto,20100,37,30,61.4,Diesel,2.1
663, C Class,2017,22899,Semi-Auto,17800,32,145,67.3,Diesel,2.1
664, C Class,2018,23799,Automatic,5905,32,145,49.6,Petrol,2.0
665, C Class,2016,22549,Automatic,30385,38,30,65.7,Diesel,2.1
666, C Class,2018,22699,Semi-Auto,20001,32,145,67.3,Diesel,2.1
667, C Class,2017,23649,Semi-Auto,19758,33,145,47.1,Petrol,2.0
668, C Class,2016,23999,Semi-Auto,10000,38,30,65.7,Diesel,2.1
669, C Class,2017,22999,Semi-Auto,12000,32,145,48.7,Petrol,2.0
670, C Class,2017,17999,Semi-Auto,29000,37,145,64.2,Diesel,2.1
671, C Class,2016,18799,Semi-Auto,26428,37,30,64.2,Diesel,2.1
672, C Class,2017,24499,Semi-Auto,19169,33,150,67.3,Diesel,2.1
673, C Class,2016,20199,Semi-Auto,34400,32,20,67.3,Diesel,2.1
674, C Class,2015,17089,Semi-Auto,27501,31,30,64.2,Diesel,2.1
675, C Class,2017,23649,Semi-Auto,19758,33,150,47.1,Petrol,2.0
676, C Class,2017,16495,Semi-Auto,34270,26,30,64.2,Diesel,1.6
677, C Class,2015,17295,Automatic,34955,32,30,64.2,Diesel,2.1
678, C Class,2016,22795,Automatic,26160,38,30,65.7,Diesel,2.1
679, C Class,2015,13649,Semi-Auto,35464,30,20,65.7,Diesel,2.1
680, C Class,2017,19199,Semi-Auto,8306,31,145,50.4,Petrol,2.0
681, C Class,2018,24099,Semi-Auto,31140,33,145,67.3,Diesel,2.1
682, C Class,2017,20499,Semi-Auto,24000,32,30,61.4,Diesel,2.1
683, C Class,2015,19099,Semi-Auto,29000,32,30,61.4,Diesel,2.1
684, C Class,2017,22799,Semi-Auto,11304,38,145,58.9,Diesel,2.1
685, C Class,2014,12100,Semi-Auto,55731,30,145,54.3,Diesel,2.1
686, C Class,2013,14000,Semi-Auto,34998,35,150,53.3,Diesel,2.1
687, C Class,2017,23149,Semi-Auto,7900,37,30,65.7,Diesel,2.1
688, C Class,2018,22199,Semi-Auto,32809,32,150,67.3,Diesel,2.1
689, C Class,2018,25399,Semi-Auto,18257,32,145,67.3,Diesel,2.1
690, C Class,2016,19024,Semi-Auto,38974,37,20,64.2,Diesel,2.1
691, C Class,2017,22649,Semi-Auto,42165,38,30,65.7,Diesel,2.1
692, C Class,2017,19099,Semi-Auto,22260,31,145,61.4,Diesel,2.1
693, C Class,2017,21499,Semi-Auto,14750,32,145,48.7,Petrol,2.0
694, C Class,2018,22199,Semi-Auto,32809,32,145,67.3,Diesel,2.1
695, C Class,2018,22199,Semi-Auto,19302,32,145,61.4,Diesel,2.1
696, C Class,2015,13999,Semi-Auto,53000,31,20,64.2,Diesel,2.1
697, C Class,2018,20899,Automatic,6813,31,145,60.1,Diesel,2.1
698, C Class,2018,25999,Semi-Auto,11258,38,145,65.7,Diesel,2.1
699, C Class,2014,16499,Semi-Auto,35700,37,30,64.2,Diesel,2.1
700, C Class,2014,15495,Semi-Auto,38544,31,30,64.2,Diesel,2.1
701, C Class,2013,7495,Semi-Auto,77718,32,30,64.2,Diesel,2.1
702, C Class,2015,10995,Semi-Auto,58734,30,150,53.3,Diesel,2.1
703, C Class,2014,12995,Semi-Auto,36650,30,150,53.3,Diesel,2.1
704, C Class,2013,22995,Semi-Auto,49964,45,570,23.0,Petrol,6.2
705, C Class,2017,23000,Semi-Auto,19000,33,145,47.1,Petrol,2.0
706, C Class,2013,8990,Automatic,89000,34,145,54.3,Diesel,2143.0
707, C Class,2014,8990,Automatic,80000,31,145,56.5,Diesel,2143.0
708, C Class,2015,11490,Manual,80000,31,125,52.3,Petrol,1991.0
709, C Class,2015,16490,Automatic,37000,32,30,64.2,Diesel,2143.0
710, C Class,2017,17990,Automatic,23000,31,145,61.4,Diesel,2143.0
711, C Class,2015,13990,Automatic,67000,31,30,61.4,Diesel,2143.0
712, C Class,2012,8490,Automatic,54000,34,145,56.5,Diesel,2143.0
713, C Class,2017,25824,Semi-Auto,16496,38,30,65.7,Diesel,2.1
714, C Class,2017,22124,Semi-Auto,28848,33,145,52.3,Petrol,2.0
715, C Class,2017,23124,Automatic,22811,33,145,47.1,Petrol,2.0
716, C Class,2017,21124,Semi-Auto,28023,32,30,61.4,Diesel,2.1
717, C Class,2015,16990,Automatic,42000,38,125,60.1,Diesel,2143.0
718, C Class,2016,15990,Automatic,44000,27,30,64.2,Diesel,1598.0
719, C Class,2015,12990,Automatic,87000,32,30,64.2,Diesel,2143.0
720, C Class,2015,13990,Automatic,50000,32,125,52.3,Petrol,1991.0
721, C Class,2015,14990,Automatic,39000,31,20,64.2,Diesel,2143.0
722, C Class,2014,14990,Automatic,54000,31,30,64.2,Diesel,2143.0
723, C Class,2013,8990,Manual,74000,31,160,44.1,Petrol,1595.0
724, C Class,2012,7490,Automatic,96000,29,145,55.4,Diesel,2143.0
725, C Class,2018,20771,Semi-Auto,18321,31,145,60.1,Diesel,2.1
726, C Class,2015,18649,Semi-Auto,26314,39,0,134.5,Hybrid,2.0
727, C Class,2017,17990,Automatic,26000,31,145,60.1,Diesel,2143.0
728, C Class,2015,39990,Automatic,32000,48,300,34.5,Petrol,3982.0
729, C Class,2016,17990,Automatic,57000,32,20,67.3,Diesel,2143.0
730, C Class,2015,16990,Automatic,40000,32,30,64.2,Diesel,2143.0
731, C Class,2016,13490,Automatic,79000,37,20,64.2,Diesel,2143.0
732, C Class,2017,17490,Automatic,31000,31,145,61.4,Diesel,2143.0
733, C Class,2015,13990,Automatic,29000,31,20,64.2,Diesel,2143.0
734, C Class,2012,8990,Automatic,91000,34,145,54.3,Diesel,2143.0
735, C Class,2014,12990,Automatic,76000,31,30,64.2,Diesel,2143.0
736, C Class,2016,18990,Automatic,38000,37,30,65.7,Diesel,2143.0
737, C Class,2013,8990,Automatic,49000,29,160,46.3,Petrol,1595.0
738, C Class,2014,12990,Manual,52000,31,20,68.9,Diesel,2143.0
739, C Class,2017,21535,Automatic,21149,38,145,65.7,Diesel,2.1
740, C Class,2015,16499,Automatic,31063,37,0,76.4,Hybrid,2.1
741, C Class,2017,21999,Automatic,14709,32,145,48.7,Petrol,2.0
742, C Class,2015,13990,Automatic,71000,31,30,61.4,Diesel,2143.0
743, C Class,2017,15990,Automatic,49000,31,145,61.4,Diesel,2143.0
744, C Class,2014,15490,Automatic,50000,32,30,64.2,Diesel,2143.0
745, C Class,2015,14490,Automatic,78000,32,30,64.2,Diesel,2143.0
746, C Class,2012,7990,Automatic,88000,38,145,53.3,Diesel,2143.0
747, C Class,2014,11990,Automatic,50000,30,20,65.7,Diesel,2143.0
748, C Class,2015,13490,Automatic,52000,32,125,52.3,Petrol,1991.0
749, C Class,2014,9990,Automatic,60000,43,145,53.3,Diesel,2143.0
750, C Class,2013,9490,Automatic,68000,40,145,53.3,Diesel,2143.0
751, C Class,2015,13990,Automatic,42000,35,20,65.7,Diesel,2143.0
752, C Class,2016,19990,Automatic,50000,38,30,65.7,Diesel,2143.0
753, C Class,2016,19990,Automatic,35000,32,20,67.3,Diesel,2143.0
754, C Class,2013,9490,Automatic,48000,40,145,53.3,Diesel,2143.0
755, C Class,2015,13599,Automatic,44598,30,30,64.2,Diesel,2.1
756, C Class,2014,13799,Automatic,78966,32,30,64.2,Diesel,2.1
757, C Class,2016,17999,Automatic,43003,38,0,74.3,Hybrid,2.1
758, C Class,2017,18999,Automatic,35649,32,30,61.4,Diesel,2.1
759, C Class,2018,16799,Automatic,29970,31,145,50.4,Petrol,2.0
760, C Class,2015,10499,Automatic,79520,43,145,53.3,Diesel,2.1
761, C Class,2017,16999,Manual,12146,25,20,70.6,Diesel,1.6
762, C Class,2012,9124,Automatic,60586,38,145,56.5,Diesel,2.1
763, C Class,2018,25999,Automatic,10913,38,145,65.7,Diesel,2.1
764, C Class,2017,23999,Semi-Auto,21212,32,145,67.3,Diesel,2.1
765, C Class,2014,10999,Automatic,53386,31,145,56.5,Diesel,2.1
766, C Class,2016,19450,Manual,17097,32,30,65.7,Diesel,2.1
767, C Class,2018,15489,Manual,36000,29,150,53.3,Petrol,2.0
768, C Class,2017,16489,Automatic,62480,31,30,60.1,Diesel,2.1
769, C Class,2017,24948,Automatic,10597,38,145,65.7,Diesel,2143.0
770, C Class,2017,20988,Automatic,15072,27,30,64.2,Diesel,1598.0
771, C Class,2017,24998,Automatic,20118,37,160,43.5,Petrol,1991.0
772, C Class,2018,21498,Automatic,12123,31,145,60.1,Diesel,2143.0
773, C Class,2013,10190,Automatic,60841,38,145,53.3,Diesel,2100.0
774, C Class,2015,14900,Automatic,35553,35,20,65.7,Diesel,2.1
775, C Class,2015,13854,Automatic,75306,37,30,64.2,Diesel,2.1
776, C Class,2014,12295,Automatic,32391,33,160,44.8,Petrol,1.6
777, C Class,2016,16000,Manual,39877,25,30,65.7,Diesel,1.6
778, C Class,2016,14299,Manual,34246,30,20,65.7,Diesel,2.1
779, C Class,2016,14499,Manual,11638,30,20,70.6,Diesel,2.1
780, C Class,2013,10999,Automatic,49085,36,145,53.3,Diesel,2.1
781, C Class,2015,17130,Automatic,59549,37,0,76.4,Hybrid,2.1
782, C Class,2013,21999,Automatic,41866,45,570,23.5,Petrol,6.2
783, C Class,2016,21499,Automatic,26741,38,30,65.7,Diesel,2.1
784, C Class,2017,16958,Automatic,49243,31,30,61.4,Diesel,2.1
785, C Class,2016,15999,Automatic,41614,37,20,64.2,Diesel,2.1
786, C Class,2014,14999,Automatic,42256,31,20,64.2,Diesel,2.1
787, C Class,2017,13499,Manual,23001,29,125,53.3,Petrol,2.0
788, C Class,2015,12490,Manual,68600,31,20,68.9,Diesel,2143.0
789, C Class,2010,4990,Manual,97717,30,200,43.5,Petrol,1597.0
790, C Class,2013,9685,Automatic,76950,36,145,53.3,Diesel,2143.0
791, C Class,2018,17470,Automatic,22345,26,145,65.7,Diesel,1.6
792, C Class,2010,4495,Automatic,106032,29,205,39.8,Petrol,1796.0
793, C Class,2015,13999,Automatic,42492,30,20,65.7,Diesel,2.1
794, C Class,2014,15399,Automatic,20047,31,125,52.3,Petrol,2.0
795, C Class,2017,18999,Automatic,23555,31,145,61.4,Diesel,2.1
796, C Class,2018,19949,Automatic,28059,31,145,61.4,Diesel,2.1
797, C Class,2016,14649,Manual,40049,25,20,70.6,Diesel,1598.0
798, C Class,2014,10393,Automatic,140000,34,30,62.8,Diesel,2143.0
799, C Class,2015,10791,Manual,129000,31,20,68.9,Diesel,2143.0
800, C Class,2015,9791,Manual,90000,29,20,65.7,Diesel,2143.0
801, C Class,2015,11591,Manual,94000,31,20,68.9,Diesel,2143.0
802, C Class,2015,9793,Manual,113000,30,20,70.6,Diesel,2143.0
803, C Class,2016,11393,Automatic,128000,37,20,64.2,Diesel,2143.0
804, C Class,2015,8692,Manual,150000,31,20,68.9,Diesel,2143.0
805, C Class,2008,4295,Automatic,112455,32,260,42.2,Diesel,2145.0
806, C Class,2015,16395,Automatic,44086,37,125,60.1,Diesel,2143.0
807, C Class,2015,15970,Automatic,81423,38,30,64.2,Diesel,2.1
808, C Class,2016,13490,Automatic,99217,37,125,60.1,Diesel,2.1
809, C Class,2008,5780,Automatic,67979,27,260,34.9,Petrol,1.8
810, C Class,2013,8950,Automatic,74157,36,145,56.5,Diesel,2.1
811, C Class,2015,15604,Manual,31435,31,30,64.2,Diesel,2.1
812, C Class,2014,11750,Automatic,47183,46,145,56.5,Diesel,2.1
813, C Class,2012,7573,Manual,59512,30,200,42.2,Petrol,1.8
814, C Class,2015,14999,Automatic,52500,32,30,64.2,Diesel,2.1
815, C Class,2014,11999,Automatic,50416,38,145,53.3,Diesel,2.1
816, C Class,2017,18728,Automatic,23683,29,125,51.4,Petrol,2.0
817, C Class,2017,20200,Automatic,25449,32,145,67.3,Diesel,2.1
818, C Class,2015,15800,Automatic,46959,37,0,76.4,Hybrid,2.1
819, C Class,2017,15999,Automatic,24518,30,145,65.7,Diesel,2.1
820, C Class,2015,9392,Manual,108000,30,20,70.6,Diesel,2143.0
821, C Class,2018,18699,Automatic,37763,31,145,61.4,Diesel,2.1
822, C Class,2015,20000,Automatic,12050,38,30,64.2,Diesel,2.1
823, C Class,2017,21499,Automatic,11136,32,145,61.4,Diesel,2.1
824, C Class,2018,20299,Automatic,11498,31,145,61.4,Diesel,2.1
825, C Class,2014,15999,Automatic,31690,32,30,64.2,Diesel,2.1
826, C Class,2018,21691,Automatic,13910,32,145,61.4,Diesel,2143.0
827, C Class,2018,24991,Automatic,6001,33,145,52.3,Petrol,1991.0
828, C Class,2018,19798,Automatic,38508,32,145,61.4,Diesel,2143.0
829, C Class,2017,18998,Automatic,42986,32,145,61.4,Diesel,2143.0
830, C Class,2017,21998,Automatic,19242,32,145,67.3,Diesel,2143.0
831, C Class,2017,18991,Automatic,34682,32,30,61.4,Diesel,2143.0
832, C Class,2016,20191,Automatic,47651,38,30,65.7,Diesel,2143.0
833, C Class,2017,20249,Automatic,22011,37,145,61.4,Diesel,2.1
834, C Class,2017,21489,Automatic,19878,32,145,67.3,Diesel,2.1
835, C Class,2013,8799,Automatic,57172,32,30,64.2,Diesel,2.1
836, C Class,2017,18999,Automatic,23637,31,145,64.2,Diesel,2.1
837, C Class,2016,13600,Automatic,71077,37,20,64.2,Diesel,2.1
838, C Class,2017,16799,Automatic,20850,25,30,65.7,Diesel,1.6
839, C Class,2012,9400,Automatic,50848,44,200,40.4,Petrol,1.8
840, C Class,2016,18400,Automatic,23907,37,125,60.1,Diesel,2.1
841, C Class,2015,10500,Manual,82230,30,20,65.7,Diesel,2143.0
842, C Class,2013,11499,Automatic,69900,29,140,56.5,Diesel,2.1
843, C Class,2008,5999,Automatic,91000,26,230,42.2,Diesel,2.1
844, C Class,2014,12495,Automatic,20000,35,165,44.8,Petrol,1595.0
845, C Class,2013,9000,Automatic,56544,36,145,56.5,Diesel,2.1
846, C Class,2016,16000,Automatic,34972,25,30,65.7,Diesel,1.6
847, C Class,2018,16999,Automatic,26329,31,145,50.4,Petrol,2.0
848, C Class,2016,22900,Automatic,33821,38,30,65.7,Diesel,2.1
849, C Class,2017,14999,Automatic,40272,30,145,65.7,Diesel,2.1
850, C Class,2012,7699,Automatic,80299,34,145,56.5,Diesel,2.1
851, C Class,2017,17900,Automatic,19828,31,145,50.4,Petrol,1991.0
852, C Class,2017,20988,Automatic,30728,32,145,47.1,Petrol,1991.0
853, C Class,2017,22400,Automatic,25000,33,150,47.1,Petrol,1991.0
854, C Class,2017,20700,Automatic,23434,32,150,48.7,Petrol,1991.0
855, C Class,2015,15400,Automatic,41000,31,30,64.2,Diesel,2143.0
856, C Class,2015,12900,Automatic,26501,35,160,44.8,Petrol,1.6
857, C Class,2013,9700,Automatic,57801,36,145,53.3,Diesel,2.1
858, C Class,2016,16200,Manual,23216,25,20,68.9,Diesel,1.6
859, C Class,2015,10700,Automatic,62439,43,150,53.3,Diesel,2.1
860, C Class,2017,18500,Automatic,36831,31,145,61.4,Diesel,2143.0
861, C Class,2013,12000,Automatic,37236,31,160,44.8,Petrol,1595.0
862, C Class,2016,19000,Automatic,27574,37,30,64.2,Diesel,2143.0
863, C Class,2017,19991,Automatic,20843,32,145,48.7,Petrol,1991.0
864, C Class,2017,21400,Automatic,26000,38,145,61.4,Diesel,2143.0
865, C Class,2017,25900,Automatic,15808,38,30,65.7,Diesel,2143.0
866, C Class,2017,17400,Automatic,41677,31,30,64.2,Diesel,2143.0
867, C Class,2017,19700,Manual,49365,32,30,65.7,Diesel,2143.0
868, C Class,2017,20200,Automatic,16087,37,135,76.4,Hybrid,2143.0
869, C Class,2015,14500,Automatic,32712,30,20,65.7,Diesel,2143.0
870, C Class,2014,16300,Automatic,30819,29,125,52.3,Petrol,1991.0
871, C Class,2016,19100,Automatic,49335,32,20,67.3,Diesel,2143.0
872, C Class,2015,15700,Automatic,36078,37,30,61.4,Diesel,2143.0
873, C Class,2015,18700,Automatic,39004,38,30,64.2,Diesel,2143.0
874, C Class,2014,12500,Automatic,50364,30,150,53.3,Diesel,2143.0
875, C Class,2017,19600,Manual,39480,32,30,65.7,Diesel,2.1
876, C Class,2016,18600,Automatic,24836,25,30,64.2,Diesel,1598.0
877, C Class,2015,16000,Automatic,18263,32,125,52.3,Petrol,2.0
878, C Class,2018,19900,Automatic,20000,31,145,48.7,Petrol,2.0
879, C Class,2016,20200,Automatic,16957,36,160,44.8,Petrol,2.0
880, C Class,2017,21400,Automatic,54500,38,30,65.7,Diesel,2.1
881, C Class,2015,16700,Automatic,35125,37,30,64.2,Diesel,2.1
882, C Class,2018,25748,Automatic,11626,33,145,67.3,Diesel,2143.0
883, C Class,2016,18600,Automatic,29173,38,30,64.2,Diesel,2143.0
884, C Class,2014,15700,Automatic,33865,37,125,60.1,Diesel,2.1
885, C Class,2013,11499,Automatic,40490,36,145,53.3,Diesel,2.1
886, C Class,2015,16699,Automatic,40786,27,30,64.2,Diesel,1.6
887, C Class,2015,14313,Automatic,50211,31,20,64.2,Diesel,2.1
888, C Class,2016,14999,Automatic,40814,25,30,65.7,Diesel,1.6
889, C Class,2015,13699,Automatic,41000,30,20,65.7,Diesel,2.1
890, C Class,2018,19699,Automatic,23842,31,145,61.4,Diesel,2.1
891, C Class,2015,13599,Automatic,35977,29,125,53.3,Petrol,2.0
892, C Class,2015,12499,Automatic,67795,30,30,64.2,Diesel,2.1
893, C Class,2014,13799,Automatic,62588,34,30,62.8,Diesel,2.1
894, C Class,2016,18745,Automatic,26344,37,30,64.2,Diesel,2143.0
895, C Class,2018,25748,Automatic,5454,38,145,65.7,Diesel,2143.0
896, C Class,2018,26748,Automatic,17970,38,145,65.7,Diesel,2143.0
897, C Class,2015,14298,Manual,36643,29,125,53.3,Petrol,1991.0
898, C Class,2018,28298,Automatic,13500,38,145,65.7,Diesel,2143.0
899, C Class,2017,25998,Automatic,26914,37,200,43.5,Petrol,1991.0
900, C Class,2015,15499,Manual,36103,31,20,68.9,Diesel,2.1
901, C Class,2015,13799,Manual,69261,31,20,68.9,Diesel,2.1
902, C Class,2018,19999,Automatic,9705,31,145,64.2,Diesel,2.1
903, C Class,2015,14695,Automatic,53279,31,20,64.2,Diesel,2.1
904, C Class,2016,13391,Manual,58858,25,30,65.7,Diesel,1.6
905, C Class,2012,8450,Automatic,86663,32,160,44.8,Petrol,1.6
906, C Class,2012,9799,Automatic,55685,34,145,54.3,Diesel,2.1
907, C Class,2014,10999,Automatic,54097,30,145,56.5,Diesel,2.1
908, C Class,2015,18999,Automatic,9793,26,30,64.2,Diesel,1.6
909, C Class,2015,14999,Automatic,34278,31,30,62.8,Diesel,2.1
910, C Class,2014,16699,Automatic,39807,31,30,61.4,Diesel,2.1
911, C Class,2016,19999,Automatic,23905,38,30,64.2,Diesel,2.1
912, C Class,2012,10999,Automatic,41239,33,160,44.8,Petrol,1.6
913, C Class,2018,21991,Automatic,12767,32,150,61.4,Diesel,2.1
914, C Class,2012,10899,Automatic,49029,40,145,53.3,Diesel,2.1
915, C Class,2014,14786,Automatic,41701,31,20,64.2,Diesel,2.1
916, C Class,2014,10822,Automatic,70824,30,145,56.5,Diesel,2.1
917, C Class,2015,13195,Automatic,51344,30,30,64.2,Diesel,2143.0
918, C Class,2014,11795,Manual,92840,31,20,68.9,Diesel,2143.0
919, C Class,2015,11295,Manual,114970,31,20,68.9,Diesel,2143.0
920, C Class,2015,13000,Automatic,78070,31,20,64.2,Diesel,2143.0
921, C Class,2014,10500,Manual,91430,31,20,68.9,Diesel,2143.0
922, C Class,2017,16499,Manual,21985,25,20,70.6,Diesel,1.6
923, C Class,2015,18999,Automatic,22499,38,30,64.2,Diesel,2.1
924, C Class,2015,16499,Automatic,33707,32,30,64.2,Diesel,2.1
925, C Class,2018,18999,Automatic,31708,31,145,61.4,Diesel,2.1
926, C Class,2018,19999,Automatic,24564,31,145,61.4,Diesel,2.1
927, C Class,2016,16449,Automatic,27268,30,30,64.2,Diesel,2.1
928, C Class,2011,7449,Automatic,80268,34,145,56.5,Diesel,2.1
929, C Class,2018,19399,Automatic,9047,31,145,60.1,Diesel,2.1
930, C Class,2018,19999,Automatic,25396,31,145,61.4,Diesel,2.1
931, C Class,2018,18998,Automatic,15000,31,145,64.2,Diesel,2143.0
932, C Class,2014,13498,Automatic,28759,34,150,54.3,Diesel,2143.0
933, C Class,2015,11695,Manual,103820,31,20,68.9,Diesel,2143.0
934, C Class,2012,9850,Automatic,51737,31,200,40.4,Petrol,1.8
935, C Class,2011,8894,Automatic,61242,30,200,41.5,Petrol,1.8
936, C Class,2018,18599,Automatic,32854,31,145,61.4,Diesel,2.1
937, C Class,2015,14000,Automatic,73960,32,30,64.2,Diesel,2143.0
938, C Class,2016,12195,Automatic,94440,30,30,64.2,Diesel,2143.0
939, C Class,2016,11000,Manual,100950,31,20,65.7,Diesel,2143.0
940, C Class,2015,13000,Manual,69930,26,20,68.9,Diesel,1598.0
941, C Class,2015,11500,Automatic,101540,31,20,64.2,Diesel,2143.0
942, C Class,2014,8999,Automatic,85699,32,30,64.2,Diesel,2.1
943, C Class,2015,12299,Manual,73227,31,125,52.3,Petrol,2.0
944, C Class,2018,20299,Automatic,9562,31,145,61.4,Diesel,2.1
945, C Class,2015,12599,Manual,50299,25,20,70.6,Diesel,1.6
946, C Class,2015,17299,Automatic,25758,36,0,78.5,Hybrid,2.1
947, C Class,2018,19799,Automatic,20173,31,145,61.4,Diesel,2.1
948, C Class,2015,14370,Automatic,49468,31,20,64.2,Diesel,2.1
949, C Class,2013,10699,Automatic,57062,38,145,54.3,Diesel,2.1
950, C Class,2010,5975,Automatic,90000,29,205,47.9,Diesel,2143.0
951, C Class,2008,5875,Automatic,70000,30,305,34.5,Petrol,1796.0
952, C Class,2014,16450,Automatic,41000,32,30,64.2,Diesel,2.1
953, C Class,2015,10795,Manual,73770,31,20,68.9,Diesel,2143.0
954, C Class,2016,23299,Automatic,24735,38,30,65.7,Diesel,2.1
955, C Class,2015,10799,Manual,76157,29,125,51.4,Petrol,2.0
956, C Class,2018,19499,Automatic,10493,31,145,64.2,Diesel,2.1
957, C Class,2014,14199,Automatic,49241,31,20,64.2,Diesel,2.1
958, C Class,2015,14819,Automatic,47012,31,30,62.8,Diesel,2.1
959, C Class,2013,11999,Automatic,25525,29,160,46.3,Petrol,1.6
960, C Class,2016,19799,Manual,16225,32,145,49.6,Petrol,2.0
961, C Class,2015,14699,Automatic,69037,37,0,76.4,Hybrid,2.1
962, C Class,2015,12800,Automatic,70804,37,125,60.1,Diesel,2.1
963, C Class,2018,21199,Automatic,10815,31,145,60.1,Diesel,2.1
964, C Class,2016,16250,Automatic,23196,25,30,65.7,Diesel,1598.0
965, C Class,2016,15391,Manual,9578,30,20,70.6,Diesel,2.1
966, C Class,2014,11999,Automatic,46931,43,145,53.3,Diesel,2.1
967, C Class,2015,18199,Automatic,24352,31,20,68.9,Diesel,2.1
968, C Class,2013,8099,Automatic,86136,28,145,57.7,Diesel,2.1
969, C Class,2018,19999,Automatic,16663,31,145,60.1,Diesel,2.1
970, C Class,2012,8299,Automatic,72005,34,145,56.5,Diesel,2.1
971, C Class,2015,11689,Manual,76472,30,20,70.6,Diesel,2.1
972, C Class,2018,18819,Automatic,30772,31,145,64.2,Diesel,2.1
973, C Class,2018,19399,Automatic,22078,31,145,64.2,Diesel,2.1
974, C Class,2010,4294,Manual,137291,34,140,54.3,Diesel,2.143
975, C Class,2015,12750,Automatic,29000,35,160,44.8,Petrol,1.6
976, C Class,2018,19999,Automatic,34008,31,145,61.4,Diesel,2.1
977, C Class,2014,10699,Automatic,50179,30,145,53.3,Diesel,2.1
978, C Class,2017,17599,Automatic,50212,32,145,61.4,Diesel,1.6
979, C Class,2018,17999,Automatic,38169,31,145,60.1,Diesel,2.1
980, C Class,2006,3200,Automatic,86000,40,565,28.2,Petrol,3498.0
981, C Class,2017,16999,Automatic,33368,31,145,64.2,Diesel,2.1
982, C Class,2017,14999,Manual,47106,25,20,70.6,Diesel,1.6
983, C Class,2013,10199,Manual,58654,40,160,52.3,Diesel,2.1
984, C Class,2016,14799,Manual,38764,31,20,68.9,Diesel,2.1
985, C Class,2016,19349,Automatic,33608,37,20,67.3,Diesel,2.1
986, C Class,2018,18799,Automatic,28848,31,145,64.2,Diesel,2.1
987, C Class,2014,14399,Automatic,73598,32,30,61.4,Diesel,2.1
988, C Class,2017,21399,Automatic,26213,37,30,65.7,Diesel,2143.0
989, C Class,2002,1495,Automatic,13800,30,305,39.8,Diesel,2.7
990, C Class,2018,18999,Automatic,16834,31,145,60.1,Diesel,2.1
991, C Class,2018,18799,Automatic,20090,31,145,60.1,Diesel,2.1
992, C Class,2018,18899,Automatic,21315,31,145,64.2,Diesel,2.1
993, C Class,2016,16499,Automatic,22525,25,30,65.7,Diesel,1.6
994, C Class,2015,16299,Automatic,25958,31,30,62.8,Diesel,2.1
995, C Class,2018,19980,Automatic,17973,31,150,64.2,Diesel,2100.0
996, C Class,2015,15980,Automatic,41267,32,30,64.2,Diesel,2100.0
997, C Class,2016,10500,Manual,117760,31,20,65.7,Diesel,2143.0
998, C Class,2015,13362,Automatic,74044,31,20,64.2,Diesel,2143.0
999, C Class,2007,5995,Automatic,50500,30,300,34.5,Petrol,1.8
1000, C Class,2012,8495,Automatic,51122,29,145,55.4,Diesel,2.2
1001, C Class,2016,13499,Manual,61140,31,20,65.7,Diesel,2.1
1002, C Class,2012,9099,Automatic,54275,34,145,56.5,Diesel,2.1
1003, C Class,2016,15499,Manual,63478,31,20,68.9,Diesel,2.1
1004, C Class,2013,10999,Automatic,63930,40,145,53.3,Diesel,2.1
1005, C Class,2017,14399,Manual,18862,29,145,53.3,Petrol,2.0
1006, C Class,2015,16500,Automatic,37000,37,30,61.4,Diesel,2.143
1007, C Class,2009,5295,Automatic,112000,29,200,46.3,Diesel,2143.0
1008, C Class,2012,5250,Automatic,170000,38,145,54.3,Diesel,2143.0
1009, C Class,2014,16499,Automatic,34032,31,30,64.2,Diesel,2.1
1010, C Class,2015,13790,Automatic,54000,32,125,52.3,Petrol,1991.0
1011, C Class,2015,15490,Automatic,34000,31,20,64.2,Diesel,2143.0
1012, C Class,2013,7199,Automatic,124000,36,145,53.3,Diesel,2143.0
1013, C Class,2015,17695,Automatic,64765,38,30,64.2,Diesel,2.143
1014, C Class,2013,7000,Manual,109447,32,20,68.9,Diesel,2.1
1015, C Class,2013,10490,Automatic,64498,36,150,56.5,Diesel,2143.0
1016, C Class,2002,2140,Automatic,52700,24,325,31.4,Petrol,1998.0
1017, C Class,2009,6995,Automatic,60000,32,265,42.2,Diesel,2.1
1018, C Class,2015,29990,Automatic,56000,47,300,34.5,Petrol,4.0
1019, C Class,2011,9000,Automatic,55657,35,145,53.3,Diesel,2.1
1020, C Class,2015,24500,Automatic,91639,47,300,34.5,Petrol,4.0
1021, C Class,2015,13300,Manual,64219,31,20,68.9,Diesel,2.1
1022, C Class,2015,15275,Automatic,67889,37,0,76.4,Hybrid,2.1
1023, C Class,2013,13995,Automatic,24000,32,160,44.8,Petrol,1.6
1024, C Class,2008,4995,Automatic,90000,32,260,42.2,Diesel,2148.0
1025, C Class,2015,11500,Manual,84830,31,125,52.3,Petrol,1991.0
1026, C Class,2018,17750,Automatic,27563,31,145,64.2,Diesel,2.1
1027, C Class,2017,20990,Automatic,20000,32,145,60.1,Diesel,2.1
1028, C Class,2015,17990,Automatic,34000,38,30,64.2,Diesel,2.1
1029, C Class,2014,10990,Automatic,48100,35,165,44.8,Petrol,1.6
1030, C Class,2017,22767,Automatic,30676,33,150,67.3,Diesel,2.1
1031, C Class,2016,19750,Automatic,36095,38,30,64.2,Diesel,2143.0
1032, C Class,2017,21980,Automatic,41539,38,30,65.7,Diesel,2100.0
1033, C Class,2017,22280,Automatic,25023,38,145,65.7,Diesel,2100.0
1034, C Class,2017,23180,Automatic,5822,32,145,47.1,Petrol,2000.0
1035, C Class,2013,8995,Automatic,70000,32,125,55.4,Diesel,2143.0
1036, C Class,2014,11295,Automatic,45000,29,160,46.3,Petrol,1595.0
1037, C Class,2017,19950,Automatic,30000,32,150,48.7,Petrol,2.0
1038, C Class,2005,2690,Automatic,109000,31,325,32.1,Petrol,1796.0
1039, C Class,2010,7490,Automatic,60000,37,205,45.6,Diesel,2143.0
1040, C Class,2011,9495,Automatic,39000,30,160,43.5,Petrol,1796.0
1041, C Class,2018,18390,Automatic,11319,26,145,65.7,Diesel,1.6
1042, C Class,2017,19743,Automatic,16509,37,145,61.4,Diesel,2.1
1043, C Class,2016,19328,Automatic,25042,38,30,64.2,Diesel,2.1
1044, C Class,2010,6999,Automatic,80000,34,200,45.6,Diesel,2.1
1045, C Class,2010,5999,Manual,68000,29,145,56.5,Diesel,2.1
1046, C Class,2012,10499,Automatic,47200,33,165,44.8,Petrol,1.6
1047, C Class,2013,10999,Manual,57000,40,160,52.3,Diesel,2.1
1048, C Class,2012,9499,Automatic,64000,36,145,53.3,Diesel,2.1
1049, C Class,2017,23800,Automatic,13800,38,30,65.7,Diesel,2.1
1050, C Class,2015,18999,Automatic,28000,37,30,64.2,Diesel,2.1
1051, C Class,2016,16400,Automatic,46479,38,125,60.1,Diesel,2.143
1052, C Class,2017,18500,Automatic,38082,32,150,61.4,Diesel,2.143
1053, C Class,2018,13300,Manual,32840,29,145,53.3,Petrol,1.991
1054, C Class,2015,12300,Automatic,85275,32,30,64.2,Diesel,2.143
1055, C Class,2017,19000,Automatic,24798,31,20,68.9,Diesel,2.143
1056, C Class,2017,14500,Automatic,31559,30,30,65.7,Diesel,2.143
1057, C Class,2015,14000,Automatic,70857,32,30,61.4,Diesel,2.143
1058, C Class,2017,14500,Automatic,48280,25,30,65.7,Diesel,1.598
1059, C Class,2018,18750,Automatic,21103,31,150,48.7,Petrol,1.991
1060, C Class,2017,16500,Automatic,41272,31,150,60.1,Diesel,2.143
1061, C Class,2010,7990,Automatic,66000,29,200,46.3,Diesel,2143.0
1062, C Class,2009,7495,Automatic,54000,30,260,36.7,Petrol,1597.0
1063, C Class,2009,6995,Automatic,42000,30,235,38.7,Petrol,1597.0
1064, C Class,2017,16000,Automatic,54011,38,0,134.5,Other,1.991
1065, C Class,2015,15000,Automatic,53400,38,0,134.5,Other,1.991
1066, C Class,2017,17800,Automatic,29831,31,145,61.4,Diesel,2.143
1067, C Class,2018,15600,Automatic,20139,30,145,64.2,Diesel,2.143
1068, C Class,2017,17400,Automatic,52897,39,0,134.5,Other,1.991
1069, C Class,2017,17900,Automatic,13492,31,30,61.4,Diesel,2.143
1070, C Class,2016,18600,Automatic,32897,38,125,60.1,Diesel,2.143
1071, C Class,2015,15750,Manual,34672,31,30,64.2,Diesel,2.143
1072, C Class,2017,16600,Automatic,45277,31,30,61.4,Diesel,2.143
1073, C Class,2017,13900,Manual,20524,29,145,53.3,Petrol,1.991
1074, C Class,2017,20000,Automatic,39268,38,150,58.9,Diesel,2.143
1075, C Class,2008,3995,Automatic,104000,26,210,42.2,Diesel,2148.0
1076, C Class,2016,20500,Automatic,16801,32,20,67.3,Diesel,2.1
1077, C Class,2018,20000,Automatic,11870,31,145,48.7,Petrol,2.0
1078, C Class,2018,22000,Automatic,19825,32,145,67.3,Diesel,2.1
1079, C Class,2017,13900,Manual,47608,31,20,68.9,Diesel,2.143
1080, C Class,2018,18500,Automatic,22672,32,150,50.4,Petrol,1.991
1081, C Class,2015,15300,Automatic,33303,32,30,64.2,Diesel,2.143
1082, C Class,2007,1995,Automatic,89000,26,300,33.6,Petrol,1.8
1083, C Class,2016,18200,Automatic,42000,31,20,68.9,Diesel,2.1
1084, C Class,2014,16995,Automatic,31000,31,30,64.2,Diesel,2.14
1085, C Class,2016,19995,Automatic,29000,38,125,60.1,Diesel,2.14
1086, C Class,2017,20100,Automatic,24348,32,20,67.3,Diesel,2.143
1087, C Class,2017,16700,Automatic,32912,31,30,61.4,Diesel,2.143
1088, C Class,2014,17000,Automatic,36115,32,125,60.1,Diesel,2.143
1089, C Class,2018,16600,Automatic,29296,31,145,64.2,Diesel,2.143
1090, C Class,2015,15000,Automatic,44939,32,30,64.2,Diesel,2.143
1091, C Class,2016,15900,Automatic,51208,37,30,64.2,Diesel,2.143
1092, C Class,2015,17500,Automatic,39343,32,30,64.2,Diesel,2.143
1093, C Class,2012,8495,Automatic,51564,30,160,43.5,Petrol,1796.0
1094, C Class,2007,3790,Automatic,99000,32,555,28.8,Petrol,2497.0
1095, C Class,2007,3890,Automatic,87000,26,325,32.5,Petrol,1796.0
1096, C Class,2017,15700,Automatic,40285,31,145,64.2,Diesel,2.143
1097, C Class,2009,4480,Automatic,130000,38,300,37.7,Diesel,2987.0
1098, C Class,2014,11290,Automatic,48000,46,145,56.5,Diesel,2143.0
1099, C Class,2015,14940,Automatic,43000,31,20,64.2,Diesel,2143.0
1100, C Class,2016,21000,Automatic,32442,33,150,49.6,Petrol,1.991
1101, C Class,2018,17100,Automatic,22655,31,145,64.2,Diesel,2.143
1102, C Class,2017,14850,Manual,67000,31,20,68.9,Diesel,2.143
1103, C Class,2017,17400,Automatic,30744,31,145,61.4,Diesel,2.143
1104, C Class,2014,14200,Manual,31543,31,20,68.9,Diesel,2.143
1105, C Class,2016,17100,Automatic,42427,38,125,60.1,Diesel,2.143
1106, C Class,2015,11200,Automatic,34799,43,145,53.3,Diesel,2.143
1107, C Class,2018,17900,Automatic,28446,31,145,61.4,Diesel,2.143
1108, C Class,2015,11400,Manual,25698,25,20,72.4,Diesel,1.598
1109, C Class,2017,20000,Automatic,30128,32,20,68.9,Diesel,2.143
1110, C Class,2016,20500,Automatic,25113,38,30,64.2,Diesel,2.143
1111, C Class,2017,17800,Automatic,28042,32,145,50.4,Petrol,1.991
1112, C Class,2015,17200,Automatic,40961,38,125,60.1,Diesel,2.143
1113, C Class,2018,18500,Automatic,17771,31,145,61.4,Diesel,2.143
1114, C Class,2017,20000,Manual,28831,32,145,65.7,Diesel,2.143
1115, C Class,2018,19000,Automatic,23280,31,150,48.7,Petrol,1.991
1116, C Class,2018,19000,Automatic,19542,31,150,48.7,Petrol,1.991
1117, C Class,2016,17500,Automatic,52749,37,0,76.4,Hybrid,2.143
1118, C Class,2018,19250,Automatic,20275,31,150,60.1,Diesel,2.143
1119, C Class,2016,15500,Automatic,36584,26,30,65.7,Diesel,1.598
1120, C Class,2015,17450,Automatic,42377,37,0,76.4,Hybrid,2.143
1121, C Class,2017,19500,Automatic,42157,32,145,67.3,Diesel,2.143
1122, C Class,2016,13000,Manual,69385,31,20,68.9,Diesel,2.143
1123, C Class,2014,13500,Automatic,49409,37,20,64.2,Diesel,2.143
1124, C Class,2015,13400,Automatic,51245,37,20,64.2,Diesel,2.143
1125, C Class,2018,17600,Automatic,22749,31,145,49.6,Petrol,1.991
1126, C Class,2018,18700,Automatic,16414,31,150,61.4,Diesel,2.143
1127, C Class,2017,16450,Automatic,29219,31,145,64.2,Diesel,2.143
1128, C Class,2016,19900,Automatic,59256,38,30,65.7,Diesel,2.143
1129, C Class,2015,11000,Manual,83193,31,20,68.9,Diesel,2.143
1130, C Class,2018,19000,Automatic,22291,31,150,60.1,Diesel,2.143
1131, C Class,2018,19750,Automatic,19443,31,150,60.1,Diesel,2.143
1132, C Class,2016,16600,Automatic,56827,37,20,67.3,Diesel,2.143
1133, C Class,2017,13100,Manual,22716,29,125,53.3,Petrol,1.991
1134, C Class,2014,13600,Automatic,80579,31,30,64.2,Diesel,2.143
1135, C Class,2018,18750,Automatic,20512,31,150,48.7,Petrol,1.991
1136, C Class,2015,15750,Automatic,28953,31,20,64.2,Diesel,2.143
1137, C Class,2016,17500,Automatic,35444,38,125,60.1,Diesel,2.143
1138, C Class,2016,14000,Manual,47140,31,30,64.2,Diesel,2.143
1139, C Class,2017,18250,Automatic,26036,31,150,64.2,Diesel,2.143
1140, C Class,2016,12450,Manual,52656,30,20,65.7,Diesel,2.143
1141, C Class,2015,12000,Automatic,40005,30,150,53.3,Diesel,2.1
1142, C Class,2015,13995,Automatic,96000,31,30,62.8,Diesel,2.14
1143, C Class,2004,1495,Manual,119000,31,300,34.5,Petrol,1.8
1144, C Class,2016,17995,Automatic,11000,25,30,65.7,Diesel,1600.0
1145, C Class,2015,12800,Manual,41945,31,20,68.9,Diesel,2.143
1146, C Class,2016,17600,Automatic,28389,37,30,64.2,Diesel,2.143
1147, C Class,2018,18500,Automatic,24277,37,145,61.4,Diesel,2.143
1148, C Class,2016,13850,Automatic,77814,38,0,134.5,Other,1.991
1149, C Class,2017,17600,Automatic,21841,31,30,60.1,Diesel,2.143
1150, C Class,2017,18900,Automatic,31674,32,145,47.9,Petrol,1.991
1151, C Class,2015,15500,Automatic,32967,32,30,64.2,Diesel,2.143
1152, C Class,2014,15701,Automatic,20498,31,20,64.2,Diesel,2.1
1153, C Class,2018,27244,Automatic,12054,33,145,67.3,Diesel,2.1
1154, C Class,2015,13890,Manual,36006,30,20,70.6,Diesel,2100.0
1155, C Class,2006,1695,Automatic,153000,26,300,33.6,Petrol,1.8
1156, C Class,2013,11995,Automatic,40000,34,145,53.3,Diesel,2.143
1157, C Class,2007,3695,Automatic,160000,31,290,39.2,Diesel,2.15
1158, C Class,2015,29900,Automatic,33521,47,300,34.5,Petrol,4.0
1159, C Class,2013,8250,Automatic,63555,29,150,47.9,Petrol,1.6
1160, C Class,2014,21495,Automatic,56444,44,580,23.5,Petrol,6.2
1161, C Class,2004,1780,Automatic,118000,31,265,41.5,Diesel,2.2
1162, C Class,2016,17850,Automatic,20296,37,20,64.2,Diesel,2100.0
1163, C Class,2015,19780,Automatic,15629,38,125,60.1,Diesel,2100.0
1164, C Class,2016,17590,Automatic,32719,27,30,64.2,Diesel,1.6
1165, C Class,2018,23790,Automatic,16500,32,145,47.1,Petrol,2.0
1166, C Class,2017,21800,Automatic,34408,32,145,47.1,Petrol,2000.0
1167, C Class,2017,20100,Automatic,13659,32,145,50.4,Petrol,2000.0
1168, C Class,2016,18800,Automatic,54000,37,30,65.7,Diesel,2100.0
1169, C Class,2018,14900,Automatic,33805,30,145,65.7,Diesel,2100.0
1170, C Class,2017,23250,Automatic,15384,33,145,47.1,Petrol,2000.0
1171, C Class,2014,14250,Automatic,46310,33,125,50.4,Petrol,2000.0
1172, C Class,2016,21400,Automatic,17268,38,125,60.1,Diesel,2100.0
1173, C Class,2015,10200,Automatic,47392,43,145,53.3,Diesel,2.143
1174, C Class,2017,18000,Automatic,16747,31,145,60.1,Diesel,2.143
1175, C Class,2014,8200,Manual,80047,38,160,52.3,Diesel,2.143
1176, C Class,2015,13900,Automatic,57081,32,30,61.4,Diesel,2.143
1177, C Class,2016,15200,Automatic,51380,38,0,134.5,Other,1.991
1178, C Class,2016,13950,Manual,48128,31,20,65.7,Diesel,2.143
1179, C Class,2014,14000,Manual,14436,31,125,52.3,Petrol,1.991
1180, C Class,2018,14600,Manual,15950,29,145,53.3,Petrol,1.991
1181, C Class,2014,14600,Automatic,42949,37,125,60.1,Diesel,2.143
1182, C Class,2011,7995,Automatic,83000,29,235,38.2,Petrol,1800.0
1183, C Class,2015,13495,Manual,33000,29,125,53.3,Petrol,2000.0
1184, C Class,2013,9995,Automatic,69000,29,145,47.9,Petrol,1600.0
1185, C Class,2017,18995,Automatic,54000,32,150,48.7,Petrol,2.0
1186, C Class,2017,15700,Automatic,19023,30,145,65.7,Diesel,2100.0
1187, C Class,2017,19890,Automatic,26878,32,150,48.7,Petrol,2000.0
1188, C Class,2017,18490,Automatic,8060,31,150,50.4,Petrol,2.0
1189, C Class,2017,15600,Automatic,62498,32,145,60.1,Diesel,2.143
1190, C Class,2014,13000,Automatic,56346,31,20,64.2,Diesel,2.143
1191, C Class,2009,4200,Automatic,96000,26,235,42.2,Diesel,2.1
1192, C Class,2013,22948,Automatic,39000,44,570,23.5,Petrol,6208.0
1193, C Class,2011,7995,Automatic,62000,34,145,56.5,Diesel,2.1
1194, C Class,2017,20880,Automatic,19752,32,145,48.7,Petrol,2000.0
1195, C Class,2014,17250,Automatic,34772,27,125,60.1,Diesel,2.1
1196, C Class,2017,18999,Automatic,20408,32,145,64.2,Diesel,2.1
1197, C Class,2015,18299,Automatic,31369,32,30,61.4,Diesel,2.1
1198, C Class,2017,18339,Automatic,49000,32,30,61.4,Diesel,2.1
1199, C Class,2016,13800,Automatic,47915,30,20,65.7,Diesel,2.143
1200, C Class,2018,19900,Manual,31540,32,145,49.6,Petrol,1.991
1201, C Class,2016,21000,Automatic,21547,38,125,60.1,Diesel,2.143
1202, C Class,2017,14700,Manual,31357,25,150,70.6,Diesel,1.598
1203, C Class,2018,18500,Automatic,28248,31,150,64.2,Diesel,2.143
1204, C Class,2014,11900,Manual,48055,31,20,65.7,Diesel,2.143
1205, C Class,2014,11300,Automatic,49865,46,145,56.5,Diesel,2.143
1206, C Class,2014,14800,Automatic,55445,37,30,64.2,Diesel,2.143
